co,humidity,location_lat,location_lon,no2,pm10,pm25,sensor_id,temperature,timestamp
3.7,89.86,39.95755507222582,-75.20077369307259,93.14,44.35,68.22,AIR_002,75.1,2026-01-03T04:39:26.715303
2.26,62.61,39.990335256891974,-75.19400230121595,73.12,104.31,145.55,AIR_005,72.02,2026-01-02T07:39:26.715314
0.83,67.98,39.955563976057526,-75.11678188645914,75.41,87.07,63.64,AIR_007,81.35,2026-01-04T16:39:26.715320
3.09,59.34,39.934583271414134,-75.14019902899254,78.42,32.92,75.13,AIR_002,75.3,2026-01-04T21:39:26.715324
3.37,51.84,39.949689850934945,-75.17477693432028,71.25,163.86,142.6,AIR_007,59.01,2025-12-31T20:39:26.715328
2.49,32.72,39.93324054001197,-75.11552611621154,97.83,29.57,51.74,AIR_003,89.19,2026-01-03T12:39:26.715332
1.29,69.98,39.999663186451805,-75.19760059005509,93.53,89.73,43.77,AIR_001,53.48,2026-01-02T17:39:26.715336
1.96,42.19,39.91623965724169,-75.17045503738896,61.06,71.61,67.98,AIR_001,81.06,2025-12-30T07:39:26.715340
3.99,86.36,39.93863945523654,-75.20219771609932,83.16,59.18,21.87,AIR_003,75.72,2026-01-04T21:39:26.715343
1.65,81.83,39.93734536571229,-75.16335014697995,90.64,84.7,93.21,AIR_005,74.3,2026-01-03T11:39:26.715347
0.93,76.05,39.91291513173179,-75.13763712368372,70.2,68.54,88.37,AIR_007,67.59,2026-01-01T02:39:26.715350
2.05,79.36,39.924707264543244,-75.15235922589753,26.63,108.46,84.17,AIR_007,89.69,2026-01-05T10:39:26.715354
0.96,54.99,39.914476127466344,-75.20208843174652,89.51,137.77,118.79,AIR_002,69.1,2026-01-04T14:39:26.715357
0.88,51.72,39.98730460251742,-75.12735193811848,78.66,108.58,141.13,AIR_003,53.36,2026-01-05T17:39:26.715360
0.38,76.8,39.90030860961321,-75.2030300759089,85.02,152.01,117.85,AIR_001,51.26,2025-12-30T03:39:26.715364
3.1,33.49,39.9135217530519,-75.20384025853367,63.62,38.93,103.0,AIR_005,93.43,2025-12-31T04:39:26.715366
4.6,69.94,39.95834674303011,-75.14674699921743,70.72,23.59,95.68,AIR_003,63.15,2026-01-04T01:39:26.715369
2.62,75.33,39.99524722901163,-75.16940461589017,59.11,153.91,20.69,AIR_000,94.29,2026-01-04T09:39:26.715372
0.86,34.91,39.992124239175155,-75.11087651015538,90.51,190.55,80.88,AIR_001,91.04,2026-01-05T04:39:26.715374
1.3,58.74,39.95430544061705,-75.14415097668426,80.27,43.62,86.36,AIR_004,74.71,2026-01-04T08:39:26.715377
3.08,31.78,39.95910382384101,-75.18449895722978,15.67,42.11,32.69,AIR_003,82.34,2026-01-03T23:39:26.715379
0.73,40.7,39.944864241542945,-75.1182973719885,41.84,100.32,55.53,AIR_003,61.48,2026-01-01T14:39:26.715382
3.52,89.63,39.94968990792228,-75.18797055617324,23.43,102.84,91.39,AIR_002,94.38,2026-01-04T06:39:26.715384
0.67,62.2,39.997643265168435,-75.18030821273119,64.61,102.84,89.89,AIR_007,86.93,2026-01-05T02:39:26.715387
4.29,75.23,39.958040158165936,-75.12010015806817,36.65,114.59,128.67,AIR_006,50.4,2026-01-04T18:39:26.715390
2.41,53.58,39.988797692244276,-75.13486231770689,83.8,157.82,79.33,AIR_005,51.6,2026-01-04T08:39:26.715392
4.49,81.19,39.9974512033132,-75.17502751855768,88.93,52.86,57.68,AIR_005,91.75,2025-12-30T21:39:26.715395
0.99,34.01,39.957266850924235,-75.20499913683433,84.15,125.79,115.08,AIR_002,58.79,2026-01-02T01:39:26.715397
2.56,38.55,39.951131600740815,-75.17257110883749,83.96,127.21,101.08,AIR_006,72.64,2026-01-05T00:39:26.715400
3.91,51.05,39.962083897749594,-75.17988652667333,41.48,105.61,18.93,AIR_002,60.99,2026-01-03T07:39:26.715402
0.55,39.25,39.99103815706123,-75.11228214164224,14.97,131.95,87.09,AIR_006,72.94,2026-01-04T16:39:26.715405
3.11,52.98,39.93538344181714,-75.18249876104582,11.18,176.51,70.03,AIR_002,55.25,2026-01-03T17:39:26.715407
0.35,52.71,39.94078717616197,-75.11059698540578,15.17,83.57,53.02,AIR_002,54.12,2025-12-30T06:39:26.715410
1.98,44.07,39.97903799148039,-75.16412024424426,98.58,130.29,52.12,AIR_007,62.72,2026-01-01T09:39:26.715412
2.89,46.59,39.90298324578205,-75.14670115027086,94.57,125.82,20.59,AIR_005,64.35,2026-01-01T00:39:26.715415
1.79,37.97,39.95480814008945,-75.13323578301612,20.6,24.88,125.58,AIR_004,90.37,2026-01-02T19:39:26.715418
2.63,50.21,39.98310264391981,-75.13888436682412,19.23,58.7,55.79,AIR_003,88.1,2026-01-04T15:39:26.715420
2.82,31.96,39.970880603251025,-75.12772655161388,94.24,133.21,31.21,AIR_001,73.3,2026-01-02T11:39:26.715423
0.15,71.79,39.910931558254994,-75.1655132603409,51.05,165.65,59.5,AIR_007,77.62,2025-12-31T14:39:26.715425
4.11,77.3,39.942812177271385,-75.17234312707114,54.81,83.84,72.34,AIR_006,54.37,2026-01-01T21:39:26.715428
3.04,64.46,39.97358736020602,-75.14788037635795,80.44,68.61,148.29,AIR_001,66.5,2026-01-02T13:39:26.715430
1.97,49.73,39.9657894641308,-75.11751901525844,21.36,35.51,82.6,AIR_001,57.32,2026-01-01T23:39:26.715433
3.52,57.71,39.955488745001645,-75.1317416767185,44.21,62.7,132.16,AIR_000,87.89,2026-01-02T05:39:26.715435
4.39,52.47,39.999651109953184,-75.14724512713538,22.03,101.82,113.14,AIR_003,92.06,2026-01-05T13:39:26.715438
4.95,47.75,39.94534381640035,-75.15469769424486,19.26,55.44,65.69,AIR_006,88.11,2026-01-01T22:39:26.715440
2.47,35.72,39.95878839846528,-75.17258789881697,75.45,156.81,142.86,AIR_006,89.77,2026-01-01T21:39:26.715442
4.48,61.28,39.94768014039884,-75.14346486925697,66.6,66.38,126.28,AIR_003,92.14,2026-01-04T16:39:26.715445
0.17,54.45,39.99444057734698,-75.14876897695694,60.12,198.7,107.96,AIR_006,88.9,2026-01-04T00:39:26.715447
2.35,31.1,39.994323275591135,-75.16342183760133,31.35,117.25,77.29,AIR_006,67.48,2026-01-04T02:39:26.715450
0.6,85.02,39.953156043179256,-75.1248369338955,58.72,80.71,49.24,AIR_006,72.03,2026-01-01T09:39:26.715452
0.93,48.71,39.98529636278716,-75.16674553136251,91.04,182.78,144.0,AIR_000,51.6,2025-12-30T11:39:26.715455
3.76,85.04,39.94704554372406,-75.12252817637328,73.46,40.06,88.93,AIR_003,64.73,2025-12-31T23:39:26.715458
2.49,75.7,39.93326243679829,-75.1919930145561,88.53,54.5,74.79,AIR_004,81.1,2025-12-30T08:39:26.715460
0.46,70.53,39.9590915061859,-75.14693628930065,67.32,16.63,15.99,AIR_006,86.74,2025-12-30T11:39:26.715463
4.12,43.02,39.92752561405972,-75.13823803944919,22.41,176.94,43.29,AIR_007,79.93,2026-01-03T22:39:26.715465
2.72,38.28,39.95455091290614,-75.18707309658777,56.61,123.9,45.49,AIR_003,80.51,2025-12-30T12:39:26.715468
0.95,39.91,39.96650320957327,-75.14161131895251,38.17,78.36,11.92,AIR_004,60.83,2025-12-31T20:39:26.715471
3.3,35.08,39.988509195600976,-75.18303077419198,57.41,139.84,6.85,AIR_003,54.39,2025-12-31T08:39:26.715474
2.06,56.36,39.941078033752625,-75.2035025373097,96.14,18.06,123.92,AIR_002,65.79,2025-12-30T00:39:26.715477
1.36,63.87,39.93280245583702,-75.15293777412874,70.96,30.65,27.57,AIR_006,94.1,2026-01-05T01:39:26.715480
2.43,79.73,39.9413550767345,-75.14085213251076,51.94,80.01,106.38,AIR_004,65.18,2026-01-03T03:39:26.715484
0.3,48.0,39.91861824176874,-75.11599163438297,54.54,111.12,13.78,AIR_003,67.14,2026-01-01T15:39:26.715486
2.26,71.46,39.9379463502367,-75.16125200574784,70.68,114.46,139.21,AIR_004,54.69,2026-01-04T06:39:26.715489
4.75,33.84,39.99870452502514,-75.12883981530013,46.39,36.67,109.24,AIR_004,51.06,2026-01-04T01:39:26.715492
3.34,85.9,39.95541598653002,-75.16383716241467,15.3,26.58,36.28,AIR_001,83.71,2026-01-05T01:39:26.715494
1.02,51.75,39.98483056578261,-75.13791672442342,80.65,76.51,103.51,AIR_002,78.79,2026-01-03T02:39:26.715497
3.71,34.62,39.961555452294,-75.11835652609649,20.74,118.07,27.21,AIR_001,83.86,2026-01-02T07:39:26.715499
0.96,65.1,39.98966183350274,-75.15459860200605,82.92,61.35,10.05,AIR_001,84.0,2025-12-31T21:39:26.715502
4.64,43.77,39.96753270276314,-75.18461111135332,82.61,85.33,129.49,AIR_006,55.42,2026-01-01T16:39:26.715504
2.77,40.08,39.983536186749156,-75.14282012877283,91.6,184.4,116.89,AIR_002,74.49,2026-01-02T06:39:26.715506
3.61,63.16,39.914201980240456,-75.17138741896349,56.37,62.49,119.83,AIR_002,56.28,2026-01-03T11:39:26.715509
4.29,71.27,39.90153111991557,-75.11853064311042,53.39,186.43,13.35,AIR_003,89.96,2026-01-03T08:39:26.715511
2.23,51.45,39.966903886771924,-75.1223106288349,34.32,116.04,28.29,AIR_000,54.43,2025-12-31T10:39:26.715514
3.92,81.77,39.905910977627336,-75.11637869405513,59.55,70.42,84.58,AIR_000,84.07,2025-12-30T20:39:26.715516
2.24,56.94,39.918016452043716,-75.12011680166701,62.24,189.79,142.04,AIR_002,62.19,2026-01-04T02:39:26.715518
3.96,84.45,39.9828808384558,-75.17384878652753,14.18,149.41,149.81,AIR_007,60.12,2026-01-01T02:39:26.715521
4.94,51.63,39.913161944921455,-75.18122354594206,31.3,56.66,74.03,AIR_005,58.41,2026-01-04T09:39:26.715524
2.69,67.81,39.93955461507561,-75.18466885142469,90.97,198.71,15.28,AIR_000,71.8,2026-01-05T10:39:26.715526
1.47,37.9,39.93975700631066,-75.20926271930485,93.9,105.84,43.85,AIR_003,87.85,2026-01-03T03:39:26.715529
1.34,80.25,39.90687801829163,-75.17944406201215,21.12,36.77,71.42,AIR_002,63.24,2026-01-04T11:39:26.715531
1.08,85.5,39.989833544286746,-75.14966368493258,31.54,147.26,88.98,AIR_000,60.92,2026-01-03T00:39:26.715534
4.45,65.35,39.91317631626417,-75.11866254406743,75.3,186.34,7.24,AIR_002,89.84,2025-12-31T15:39:26.715536
2.96,58.43,39.902421079159765,-75.1815038292096,92.48,31.56,19.65,AIR_004,82.55,2026-01-04T00:39:26.715539
4.52,76.99,39.98421899603035,-75.18732000419726,10.04,77.84,120.14,AIR_004,64.63,2026-01-02T08:39:26.715541
2.0,41.41,39.98510040265387,-75.19598076806612,43.21,104.46,99.5,AIR_000,82.22,2026-01-04T06:39:26.715544
1.63,58.11,39.961101183475414,-75.16604708723824,13.97,42.22,12.23,AIR_004,51.4,2026-01-04T06:39:26.715547
1.63,75.92,39.93459157473328,-75.14920874239046,75.53,69.85,120.85,AIR_003,57.08,2026-01-01T06:39:26.715549
0.99,66.66,39.92471943119979,-75.17293193558638,35.61,73.37,116.73,AIR_004,76.33,2026-01-04T04:39:26.715552
3.97,62.73,39.90300252811369,-75.1130334856803,61.12,124.39,37.15,AIR_006,50.85,2026-01-04T20:39:26.715554
2.03,84.54,39.9284497297985,-75.20425144126857,57.64,159.08,52.51,AIR_002,61.75,2025-12-29T17:39:26.715557
2.87,85.82,39.91269177442516,-75.13801385382827,58.47,98.9,82.46,AIR_001,72.99,2026-01-01T06:39:26.715560
1.98,35.51,39.96216103953441,-75.16680761783513,83.58,172.41,148.71,AIR_002,94.72,2025-12-31T18:39:26.715562
1.09,81.05,39.97968235804986,-75.12265650950468,42.41,75.48,39.0,AIR_002,91.17,2026-01-03T03:39:26.715565
4.07,43.91,39.97329069033651,-75.11861073110235,83.06,75.62,100.56,AIR_001,75.8,2025-12-31T03:39:26.715567
4.22,75.49,39.99722686918652,-75.13068234784114,76.89,178.39,91.83,AIR_003,54.6,2026-01-03T07:39:26.715570
4.53,80.97,39.95720944720207,-75.19364431949904,54.89,117.12,50.27,AIR_007,63.46,2025-12-31T10:39:26.715573
2.6,73.27,39.94797368710124,-75.1594170925043,36.2,100.25,120.98,AIR_004,83.85,2025-12-30T08:39:26.715575
4.47,64.74,39.9622091356515,-75.15922131390383,56.73,182.11,8.52,AIR_001,67.25,2026-01-01T08:39:26.715577
4.02,61.92,39.96726668817344,-75.13365774158815,40.03,117.29,110.58,AIR_000,59.1,2026-01-01T10:39:26.715580
2.27,43.15,39.96082073229619,-75.15277741230379,89.92,26.28,104.09,AIR_005,94.74,2026-01-02T16:39:26.715582
0.1,74.44,39.91852387268412,-75.13302109551611,19.94,108.74,134.69,AIR_002,77.88,2026-01-01T08:39:26.715585
4.66,82.33,39.970352259299005,-75.12894689981914,91.94,80.76,149.97,AIR_004,55.22,2026-01-01T05:39:26.715587
4.29,54.19,39.96287186401721,-75.13290460375566,11.82,38.71,43.04,AIR_001,64.23,2026-01-01T02:39:26.715590
0.22,75.91,39.96169565735676,-75.14536384306564,66.98,133.25,16.57,AIR_004,92.38,2025-12-31T22:39:26.715592
1.21,71.89,39.90320310259748,-75.17353897752996,48.07,162.66,135.01,AIR_000,91.12,2025-12-30T08:39:26.715595
1.81,87.22,39.94121417187454,-75.12039851074869,60.88,83.99,97.54,AIR_007,86.5,2026-01-04T07:39:26.715597
2.11,57.55,39.99439091319199,-75.18024570391373,48.43,81.38,125.73,AIR_006,70.17,2026-01-04T11:39:26.715600
0.99,54.93,39.91849174056845,-75.16839648797593,71.12,28.71,45.36,AIR_005,55.61,2025-12-30T08:39:26.715602
0.84,38.5,39.99939340929337,-75.20519759680349,44.79,65.13,87.57,AIR_007,64.66,2026-01-01T01:39:26.715605
4.19,44.2,39.972834329134784,-75.20393401346331,72.86,149.81,74.57,AIR_003,52.32,2026-01-04T13:39:26.715607
4.93,79.61,39.98155172161076,-75.19319234091567,58.71,49.9,91.6,AIR_000,57.72,2026-01-05T15:39:26.715610
4.84,32.13,39.901286923232384,-75.18099770036676,63.93,79.04,119.85,AIR_001,83.34,2026-01-01T02:39:26.715612
2.5,47.51,39.97414544262802,-75.2069744159788,84.69,58.15,105.09,AIR_000,91.63,2026-01-05T02:39:26.715615
3.19,55.4,39.966170274204025,-75.19273241839863,24.16,84.96,27.53,AIR_000,78.12,2026-01-05T11:39:26.715617
3.27,67.19,39.933136914323164,-75.13055014188056,28.55,13.86,74.56,AIR_001,82.46,2026-01-03T20:39:26.715620
3.28,71.24,39.938715715389634,-75.16888501868713,83.07,81.26,145.33,AIR_002,64.38,2025-12-31T20:39:26.715622
1.75,78.63,39.95775373566998,-75.11847037347361,38.81,171.0,6.07,AIR_000,68.42,2025-12-31T16:39:26.715625
2.31,58.88,39.94189629870473,-75.16549218266468,87.01,22.53,102.56,AIR_002,83.42,2026-01-04T23:39:26.715627
4.41,68.59,39.964085772010435,-75.16139576551137,43.97,196.61,46.75,AIR_002,82.59,2025-12-31T22:39:26.715630
3.5,46.96,39.98766663643045,-75.1968493790438,83.35,193.97,56.45,AIR_006,83.86,2025-12-31T06:39:26.715632
3.37,55.76,39.962960211087825,-75.16761133232603,88.6,109.65,111.58,AIR_003,85.13,2025-12-31T21:39:26.715635
4.56,79.06,39.97468411775647,-75.12706817665378,56.95,149.09,130.61,AIR_001,69.04,2026-01-05T17:39:26.715637
4.78,46.56,39.92933425538408,-75.11060674001257,39.48,128.26,19.97,AIR_000,92.23,2025-12-30T12:39:26.715639
1.51,44.77,39.931662813086845,-75.12837561499805,59.95,119.19,20.23,AIR_003,82.46,2026-01-03T16:39:26.715642
2.95,51.56,39.97532852222327,-75.11131701635485,43.2,29.99,59.21,AIR_002,73.94,2025-12-30T23:39:26.715644
3.13,79.17,39.9281411300154,-75.18008635010118,43.28,180.19,119.95,AIR_007,69.3,2025-12-31T13:39:26.715647
2.25,55.54,39.93608031779479,-75.12047422323216,46.85,138.35,41.74,AIR_003,56.75,2026-01-01T17:39:26.715649
0.67,76.32,39.97356655260011,-75.14613024597391,28.4,82.44,131.52,AIR_007,50.85,2026-01-01T03:39:26.715652
1.76,83.77,39.94539118612118,-75.11472043347199,95.69,81.62,15.12,AIR_000,78.76,2026-01-01T15:39:26.715654
1.39,51.23,39.98539970098058,-75.16096084630455,13.43,190.97,10.09,AIR_003,70.27,2025-12-31T14:39:26.715657
1.73,80.57,39.94858597355618,-75.11144586935488,43.86,127.5,14.28,AIR_003,62.06,2025-12-31T22:39:26.715659
2.52,63.12,39.945461943923114,-75.12759529485977,16.7,172.22,39.75,AIR_002,80.59,2026-01-05T17:39:26.715662
2.89,30.6,39.98993954276682,-75.15067857745954,55.24,23.37,50.09,AIR_002,61.16,2025-12-31T13:39:26.715664
0.83,67.16,39.965911950411254,-75.143087464852,83.85,127.03,9.34,AIR_003,76.81,2026-01-02T14:39:26.715666
3.79,67.11,39.988568395310736,-75.11705766305275,99.9,166.13,21.64,AIR_006,84.31,2026-01-03T16:39:26.715669
0.76,50.89,39.95979822136215,-75.14124798146308,37.66,186.97,116.45,AIR_004,86.14,2026-01-05T07:39:26.715671
1.14,85.5,39.970037301163934,-75.1411805490487,36.77,34.42,104.53,AIR_002,93.94,2026-01-02T08:39:26.715674
4.49,51.92,39.99320086047421,-75.11437382403035,14.92,160.05,119.92,AIR_004,80.81,2025-12-29T21:39:26.715676
2.21,38.8,39.926297030721614,-75.17015788768286,60.88,148.63,102.65,AIR_006,94.92,2025-12-31T21:39:26.715679
4.68,82.26,39.94746997230689,-75.11169461388843,27.51,12.5,33.13,AIR_000,92.15,2026-01-02T06:39:26.715681
4.09,71.65,39.91246988892161,-75.18903634096597,65.26,149.11,146.78,AIR_001,70.3,2025-12-29T21:39:26.715684
2.77,53.77,39.951218233380054,-75.11725075291328,44.69,13.41,130.46,AIR_002,90.12,2026-01-02T18:39:26.715686
3.96,57.26,39.978435464751875,-75.18875431015559,29.49,45.44,54.65,AIR_004,79.06,2026-01-02T19:39:26.715689
0.26,34.52,39.90635011713068,-75.12298693505456,55.78,114.19,116.42,AIR_006,82.1,2025-12-30T09:39:26.715691
4.29,32.58,39.916375018051106,-75.19490689097762,28.87,62.33,34.4,AIR_003,73.45,2026-01-04T16:39:26.715694
0.98,80.13,39.93752737439985,-75.18032884495899,38.57,48.05,26.35,AIR_003,78.03,2026-01-01T11:39:26.715696
4.04,33.3,39.9181822763505,-75.12651446724581,50.82,36.57,9.95,AIR_001,80.63,2026-01-05T14:39:26.715698
3.93,32.65,39.949917776613006,-75.18164172096596,25.59,92.97,13.91,AIR_000,92.24,2025-12-31T21:39:26.715701
3.01,85.82,39.912033832208095,-75.14136683142638,23.52,198.06,84.16,AIR_005,92.71,2026-01-03T13:39:26.715703
2.95,78.99,39.949508423959166,-75.18360729218169,86.74,148.35,25.15,AIR_001,92.62,2026-01-01T02:39:26.715707
4.97,30.09,39.90416661186507,-75.16502092208924,87.57,108.94,127.11,AIR_006,52.29,2026-01-03T21:39:26.715710
3.65,71.67,39.90360009345665,-75.16810958861781,54.23,63.32,15.82,AIR_006,82.35,2025-12-30T13:39:26.715713
1.92,64.77,39.94144160885844,-75.2068385433135,51.49,59.66,93.11,AIR_006,91.85,2025-12-31T20:39:26.715715
0.67,40.38,39.933598057997024,-75.205150951641,87.02,175.09,110.12,AIR_003,94.41,2026-01-01T03:39:26.715717
4.49,64.57,39.97185405935386,-75.15451186298793,12.66,163.21,54.71,AIR_003,62.5,2026-01-01T21:39:26.715720
1.0,86.89,39.958450018835876,-75.15789870615458,33.83,80.38,7.11,AIR_006,66.82,2026-01-04T07:39:26.715722
1.89,50.26,39.96431331245309,-75.1264672715619,31.14,168.2,18.98,AIR_005,66.04,2025-12-31T09:39:26.715724
3.83,47.49,39.90144847638658,-75.11772059532086,28.32,162.41,37.52,AIR_003,85.79,2026-01-02T10:39:26.715727
0.25,45.01,39.923644046630734,-75.14461300760327,19.73,65.61,135.71,AIR_006,81.36,2025-12-31T19:39:26.715729
3.8,73.44,39.9017147783969,-75.12152943135379,17.38,43.66,39.18,AIR_003,52.51,2025-12-29T18:39:26.715732
1.33,54.65,39.92470373320957,-75.1355824611744,45.87,188.33,34.75,AIR_001,64.92,2026-01-03T19:39:26.715734
4.68,41.28,39.957195392639996,-75.17925459591119,64.84,47.99,143.31,AIR_005,75.2,2026-01-02T03:39:26.715737
0.29,84.6,39.93301798561224,-75.18244667160269,46.51,109.08,140.63,AIR_005,83.14,2026-01-04T16:39:26.715739
2.18,55.03,39.977482321170925,-75.14690906433663,55.65,91.96,8.38,AIR_004,74.01,2026-01-02T04:39:26.715742
0.81,66.67,39.99323610024166,-75.17403647531633,30.35,100.15,128.07,AIR_001,70.71,2026-01-03T05:39:26.715744
1.13,72.01,39.91809483305928,-75.12674934971524,34.71,158.86,44.71,AIR_001,85.97,2025-12-30T17:39:26.715747
4.26,60.42,39.99106485202762,-75.1611409903535,92.33,97.72,88.65,AIR_007,55.67,2025-12-29T20:39:26.715749
4.52,45.68,39.91409268978452,-75.11950660373654,81.69,81.4,114.15,AIR_004,91.37,2026-01-02T14:39:26.715751
2.67,41.59,39.9149948686138,-75.20650049084027,68.06,102.57,81.38,AIR_007,90.04,2025-12-29T18:39:26.715754
4.44,32.14,39.92755779886572,-75.19037536732563,90.88,171.25,64.97,AIR_007,83.48,2025-12-30T03:39:26.715756
1.37,53.78,39.92688389052949,-75.13538146767348,66.0,139.69,26.2,AIR_001,68.61,2026-01-01T02:39:26.715759
4.41,67.91,39.96506275015068,-75.20287082288985,91.48,144.32,97.52,AIR_005,65.58,2026-01-03T00:39:26.715761
1.0,50.61,39.977514262650594,-75.17780245998675,75.26,77.58,90.88,AIR_003,82.1,2026-01-02T21:39:26.715764
4.95,74.83,39.995779453617935,-75.14482376909557,42.05,173.53,62.94,AIR_002,51.81,2025-12-31T11:39:26.715766
1.39,88.47,39.92462151078417,-75.14549592253124,96.34,32.57,92.2,AIR_004,53.56,2026-01-01T00:39:26.715769
0.55,65.22,39.94261004661888,-75.15048853383529,53.88,146.65,50.51,AIR_003,81.39,2025-12-31T18:39:26.715772
4.54,42.1,39.99711492004798,-75.1744252266178,91.22,185.68,45.18,AIR_007,84.02,2025-12-30T21:39:26.715774
4.19,68.89,39.97522832494819,-75.1706426611941,15.36,20.16,131.44,AIR_000,65.76,2026-01-04T07:39:26.715777
1.07,39.32,39.94230617088241,-75.11679254722131,45.04,175.61,104.45,AIR_001,57.98,2026-01-04T22:39:26.715779
1.95,43.74,39.92978209109477,-75.1610153920333,48.04,83.74,122.91,AIR_000,54.68,2026-01-04T09:39:26.715782
0.68,55.79,39.91509278307646,-75.1328600355506,21.98,185.82,9.62,AIR_001,60.99,2026-01-05T00:39:26.715784
3.12,30.68,39.90627646120653,-75.1112810259542,14.35,69.6,116.97,AIR_004,92.26,2025-12-31T08:39:26.715787
0.29,42.85,39.92780999747922,-75.11222615757464,75.5,73.87,110.28,AIR_007,84.25,2025-12-31T15:39:26.715789
3.46,30.67,39.96332151497487,-75.1250773373586,77.23,139.9,134.86,AIR_002,94.52,2026-01-01T18:39:26.715792
4.98,30.75,39.92731451377865,-75.1642292936283,28.68,47.38,51.21,AIR_003,78.71,2025-12-31T01:39:26.715794
3.62,43.57,39.965289480616946,-75.12523073357603,45.28,19.31,71.01,AIR_006,57.69,2026-01-04T14:39:26.715797
4.98,41.72,39.93214295875621,-75.14730656856517,38.87,15.87,88.88,AIR_005,86.91,2026-01-04T06:39:26.715799
1.5,40.83,39.955900055521994,-75.14846325034875,63.2,45.9,134.7,AIR_004,68.53,2026-01-03T00:39:26.715801
3.53,71.76,39.95261023334374,-75.1182567566426,80.33,119.59,69.87,AIR_007,73.18,2026-01-05T06:39:26.715804
1.4,31.9,39.943990395291074,-75.20721346035458,59.73,60.39,41.9,AIR_000,82.62,2026-01-02T04:39:26.715806
2.33,63.55,39.91615875968136,-75.15450507324772,36.09,179.89,36.32,AIR_002,53.01,2026-01-03T02:39:26.715809
3.71,33.58,39.968899940935195,-75.13522129929584,74.67,106.17,108.66,AIR_003,67.78,2025-12-30T05:39:26.715811
2.85,76.82,39.95002736001008,-75.18205461292935,29.32,184.92,25.44,AIR_003,91.18,2025-12-30T02:39:26.715813
4.45,31.56,39.98498648706941,-75.19751496012225,58.61,175.54,29.44,AIR_000,87.62,2026-01-04T14:39:26.715816
2.65,51.43,39.93509729792726,-75.11297256652405,92.08,56.23,16.72,AIR_003,90.09,2026-01-01T13:39:26.715818
3.87,45.31,39.96391016737517,-75.11371912762182,53.45,39.0,134.37,AIR_000,78.94,2026-01-05T05:39:26.715821
3.52,88.59,39.97492680344983,-75.20296850145948,71.71,103.6,124.79,AIR_007,70.85,2026-01-02T09:39:26.715823
0.72,68.85,39.941091118777614,-75.20614718824989,52.59,99.93,126.55,AIR_006,77.55,2026-01-03T04:39:26.715826
2.31,64.96,39.926312343239275,-75.12576708099573,49.52,74.3,33.89,AIR_001,70.57,2026-01-03T08:39:26.715828
0.34,46.76,39.95907132251713,-75.15575148014855,75.39,170.94,104.52,AIR_006,63.9,2026-01-05T16:39:26.715830
1.13,36.85,39.937947896309446,-75.20941728642116,43.21,185.6,116.25,AIR_002,87.92,2026-01-01T22:39:26.715833
0.22,58.61,39.93366323041273,-75.12037877677714,55.33,152.22,63.04,AIR_004,85.79,2026-01-01T22:39:26.715835
1.6,55.96,39.93785978876376,-75.19010118331569,91.52,172.99,114.13,AIR_003,66.62,2026-01-03T11:39:26.715838
3.02,60.18,39.927136359517576,-75.18700859643101,70.38,36.49,11.37,AIR_000,71.64,2026-01-01T22:39:26.715840
0.31,66.78,39.95141573113874,-75.14968862945071,18.18,164.18,42.69,AIR_002,79.23,2026-01-05T17:39:26.715843
3.8,56.95,39.99448901908726,-75.13402997998539,29.12,80.7,17.0,AIR_002,69.05,2026-01-05T00:39:26.715845
2.77,66.42,39.99324930743253,-75.11756745108278,80.27,96.31,102.85,AIR_000,76.22,2025-12-29T21:39:26.715848
2.45,77.95,39.90766951196008,-75.15897357340961,68.65,120.41,146.37,AIR_005,53.23,2026-01-03T13:39:26.715850
3.25,76.18,39.97498226129256,-75.15521788557778,51.32,146.32,146.97,AIR_000,80.7,2026-01-02T02:39:26.715853
2.27,36.31,39.904016049354304,-75.1428268939239,72.03,94.48,31.69,AIR_001,91.44,2025-12-31T22:39:26.715855
1.09,31.38,39.93684911194256,-75.13726700002323,55.07,110.88,53.29,AIR_002,80.81,2026-01-03T02:39:26.715858
0.24,51.13,39.981585917186145,-75.20722630551103,86.91,183.83,97.39,AIR_005,75.12,2026-01-05T11:39:26.715860
1.97,78.84,39.97887551565281,-75.1516759179688,56.11,176.03,73.46,AIR_007,81.18,2026-01-04T05:39:26.715862
1.74,87.82,39.92155718076959,-75.16265514957854,47.74,70.47,86.66,AIR_004,56.44,2025-12-30T05:39:26.715865
3.99,57.97,39.98172248287411,-75.14743985048389,97.22,144.03,9.14,AIR_004,85.66,2026-01-03T00:39:26.715868
2.71,54.19,39.92809113968611,-75.13505653350819,82.56,27.41,71.42,AIR_001,94.62,2026-01-04T08:39:26.715870
1.77,36.24,39.944637214903636,-75.1476146381324,87.56,106.49,35.72,AIR_006,56.61,2025-12-30T10:39:26.715873
1.58,85.69,39.98552354271541,-75.1120628981277,97.34,50.63,106.96,AIR_004,75.49,2025-12-29T17:39:26.715875
4.53,35.36,39.997185040468075,-75.20582537698172,98.25,41.6,144.74,AIR_003,69.91,2026-01-02T11:39:26.715878
4.83,40.68,39.91621751041607,-75.15905146394218,50.74,105.63,119.86,AIR_005,82.3,2025-12-29T22:39:26.715880
3.06,78.79,39.905499937189624,-75.1310604946404,23.09,193.71,133.34,AIR_006,72.23,2026-01-01T03:39:26.715883
1.19,84.57,39.97644563190605,-75.11140012987325,20.85,155.78,42.34,AIR_000,91.61,2026-01-04T21:39:26.715885
1.13,69.97,39.91453584573003,-75.14050777497873,40.77,20.08,79.0,AIR_005,79.04,2025-12-30T02:39:26.715888
1.81,68.52,39.97581370348963,-75.15029650692085,84.93,150.62,30.74,AIR_004,88.18,2026-01-04T21:39:26.715890
2.77,41.14,39.97967068481923,-75.17928072588194,69.66,31.77,111.6,AIR_001,58.4,2025-12-30T23:39:26.715892
2.42,84.0,39.90510131307054,-75.19315088035036,19.08,44.13,114.81,AIR_007,51.66,2026-01-05T13:39:26.715895
4.46,34.22,39.94545991093809,-75.15628128651903,17.98,134.08,142.56,AIR_005,86.57,2026-01-02T22:39:26.715897
1.98,86.37,39.98365070234508,-75.18262801505156,71.9,34.51,132.83,AIR_001,91.06,2026-01-04T18:39:26.715900
1.46,85.76,39.949303503990976,-75.14818212940985,71.17,108.91,32.16,AIR_006,90.55,2026-01-05T06:39:26.715902
1.35,63.87,39.93137045795279,-75.14675855696338,33.27,195.31,124.6,AIR_004,57.35,2026-01-02T06:39:26.715905
3.75,45.32,39.91729937042032,-75.20496042375713,89.07,100.78,20.99,AIR_006,64.6,2026-01-02T20:39:26.715907
3.21,84.33,39.90401706900055,-75.1702761030972,72.59,155.8,81.51,AIR_001,80.39,2025-12-30T06:39:26.715910
1.32,62.15,39.94554826181031,-75.12728395440563,45.1,86.01,63.51,AIR_001,64.54,2025-12-30T10:39:26.715913
1.33,80.84,39.907111931204085,-75.1876120382915,87.33,109.98,93.22,AIR_004,62.78,2026-01-04T07:39:26.715915
0.45,50.89,39.96411598893267,-75.20040520723875,53.06,18.8,117.69,AIR_003,86.42,2026-01-04T10:39:26.715918
4.77,84.87,39.9414153517296,-75.20291851737785,97.0,186.22,111.26,AIR_007,89.71,2025-12-30T00:39:26.715920
4.01,71.68,39.94729764228594,-75.16989244258033,82.05,150.96,84.52,AIR_004,86.16,2026-01-05T15:39:26.715923
3.26,31.66,39.9113390923381,-75.14576365465095,30.35,25.86,11.12,AIR_001,91.58,2026-01-05T02:39:26.715925
0.79,81.28,39.92838920032721,-75.17376697838985,60.14,189.74,37.89,AIR_001,52.85,2026-01-02T07:39:26.715927
1.62,82.33,39.97960319330997,-75.16993431537905,81.7,143.55,91.45,AIR_005,65.14,2026-01-04T15:39:26.715930
4.7,86.82,39.97644140559526,-75.17759201048369,39.64,177.12,13.0,AIR_004,62.46,2025-12-31T02:39:26.715933
1.6,45.92,39.90192119709907,-75.16617475787687,88.72,137.84,104.72,AIR_000,51.54,2026-01-01T12:39:26.715935
2.69,74.35,39.914897192383606,-75.16924569549668,88.76,77.13,128.22,AIR_007,70.91,2025-12-31T05:39:26.715938
3.58,49.47,39.97102714559789,-75.18648418769467,15.22,99.57,90.79,AIR_004,94.42,2025-12-31T09:39:26.715940
0.71,53.38,39.99990249682305,-75.14349911023349,49.38,112.03,98.36,AIR_003,63.14,2026-01-05T00:39:26.715942
1.9,37.87,39.95543907378368,-75.1884048632997,91.37,112.22,125.32,AIR_000,89.91,2026-01-03T22:39:26.715945
4.5,44.07,39.94541361416839,-75.20519048207231,42.6,190.66,104.2,AIR_005,56.22,2025-12-30T00:39:26.715948
0.49,73.35,39.95250986385353,-75.20101795992275,10.62,13.98,30.61,AIR_005,69.45,2026-01-04T17:39:26.715950
4.57,54.43,39.92189126945951,-75.15487026393352,73.37,66.22,32.91,AIR_001,56.33,2026-01-02T15:39:26.715953
0.34,74.06,39.979506525111475,-75.17621400609778,46.45,150.64,144.51,AIR_006,80.98,2026-01-05T07:39:26.715955
0.31,56.6,39.94136719581224,-75.19831187373757,29.09,104.12,7.8,AIR_007,54.57,2026-01-02T00:39:26.715957
3.17,64.7,39.966985797431434,-75.18162092262014,94.41,161.7,142.41,AIR_004,72.37,2026-01-03T02:39:26.715960
3.16,68.74,39.95474917056161,-75.16213918383562,65.09,50.07,129.54,AIR_001,61.08,2026-01-02T12:39:26.715962
4.54,82.89,39.93015959719821,-75.12659264985226,39.45,156.8,40.52,AIR_002,75.46,2025-12-30T02:39:26.715965
2.77,30.01,39.93924612811733,-75.12273544524,64.73,199.7,92.0,AIR_006,58.29,2026-01-03T11:39:26.715967
3.91,35.69,39.96754191452267,-75.20339121037823,28.39,118.1,119.67,AIR_001,86.64,2025-12-29T17:39:26.715970
2.18,30.68,39.93579734803105,-75.1663119354799,50.7,135.51,79.52,AIR_003,92.21,2026-01-04T19:39:26.715972
0.2,82.61,39.9316089397655,-75.13041341526629,55.12,89.27,112.27,AIR_003,71.55,2026-01-01T16:39:26.715975
4.05,80.07,39.98937922120236,-75.1686193907746,75.26,197.55,133.18,AIR_005,72.39,2025-12-31T18:39:26.715977
4.2,83.87,39.91958321446396,-75.16566932319354,57.53,179.48,29.9,AIR_003,91.57,2026-01-04T22:39:26.715980
1.98,61.83,39.96828489512468,-75.18822669661978,32.98,64.35,29.32,AIR_002,74.24,2026-01-02T05:39:26.715982
1.31,76.03,39.93273324045034,-75.12873942337207,34.21,162.53,88.99,AIR_000,71.37,2026-01-05T15:39:26.715985
3.9,80.79,39.96748305217641,-75.1806653582951,59.53,122.4,131.54,AIR_007,66.15,2026-01-03T14:39:26.715987
0.58,36.12,39.98253392842433,-75.160911366533,89.24,116.2,34.67,AIR_006,78.29,2026-01-02T21:39:26.715989
0.49,85.35,39.90145433265671,-75.18407719718596,20.14,24.02,90.09,AIR_003,75.35,2026-01-05T02:39:26.715992
4.89,65.53,39.90013535007994,-75.13971405079958,52.47,86.84,69.78,AIR_001,71.96,2026-01-01T09:39:26.715994
4.15,57.55,39.91034634881466,-75.16978931421805,81.46,29.68,95.77,AIR_005,62.35,2026-01-05T02:39:26.715997
1.33,46.27,39.91545011821818,-75.13533174250706,61.57,47.83,110.28,AIR_006,59.05,2026-01-02T14:39:26.715999
1.45,40.53,39.97963289450547,-75.12809844654399,55.38,146.65,52.78,AIR_001,56.95,2026-01-03T11:39:26.716001
0.44,81.18,39.95457094980852,-75.14877413696948,32.93,104.42,107.17,AIR_006,71.14,2026-01-03T17:39:26.716004
1.22,73.25,39.94518194040606,-75.1551350246748,35.0,113.09,55.78,AIR_004,65.1,2026-01-05T14:39:26.716006
4.04,54.83,39.93652667748694,-75.20782159080386,71.52,127.53,115.38,AIR_002,74.86,2026-01-03T15:39:26.716009
3.29,79.31,39.98128232930124,-75.14523314818513,49.59,197.83,16.9,AIR_004,53.41,2025-12-31T12:39:26.716011
4.69,51.86,39.997102746935376,-75.12480167162174,23.46,155.68,62.2,AIR_001,51.79,2026-01-01T13:39:26.716014
3.55,38.56,39.95329146828097,-75.16826564637931,24.38,174.73,51.11,AIR_006,54.01,2026-01-02T18:39:26.716016
0.11,89.24,39.953223544583395,-75.13044113690289,94.44,94.67,93.21,AIR_006,84.35,2026-01-04T22:39:26.716018
3.13,39.03,39.979927956643074,-75.20986617702792,64.89,185.81,6.7,AIR_007,59.01,2025-12-31T01:39:26.716021
4.52,78.59,39.90804352076586,-75.12132006417733,95.76,182.78,85.56,AIR_007,63.8,2025-12-30T08:39:26.716024
2.69,63.55,39.94243831891692,-75.14237518979799,13.81,123.56,12.53,AIR_005,91.72,2026-01-02T20:39:26.716026
2.97,43.29,39.94896253961116,-75.18771365265526,76.89,85.66,71.89,AIR_000,80.2,2026-01-03T18:39:26.716029
4.77,75.64,39.94946910409145,-75.17277377789468,27.78,117.88,128.33,AIR_005,62.31,2026-01-01T13:39:26.716031
4.33,70.93,39.92373309050421,-75.11201935496771,27.49,159.28,36.9,AIR_004,58.34,2026-01-01T05:39:26.716034
2.18,53.82,39.930914041324314,-75.16168628127541,94.38,70.87,117.14,AIR_000,51.39,2026-01-04T04:39:26.716036
0.31,62.63,39.90384125438103,-75.13643368272764,29.02,99.24,123.18,AIR_006,94.29,2026-01-04T05:39:26.716039
4.79,81.92,39.969667237606195,-75.16097239599657,47.46,58.59,39.96,AIR_004,72.34,2026-01-04T12:39:26.716041
4.91,70.97,39.907526189293556,-75.16567641482247,18.25,57.42,81.96,AIR_004,65.85,2026-01-01T21:39:26.716044
4.64,81.72,39.99562857973999,-75.17727771317153,78.46,36.34,45.24,AIR_000,92.53,2026-01-02T00:39:26.716046
2.81,72.09,39.97788856351065,-75.16503797700207,71.21,133.43,50.15,AIR_005,71.59,2025-12-29T19:39:26.716049
0.29,60.16,39.95493002521257,-75.12053640399448,38.78,146.81,53.4,AIR_007,70.92,2026-01-05T08:39:26.716051
3.52,55.44,39.906072932739676,-75.14208034587456,74.34,41.77,111.55,AIR_007,56.0,2026-01-02T23:39:26.716054
1.69,75.85,39.95774955402706,-75.19684534955108,64.91,164.1,37.29,AIR_004,72.21,2026-01-05T05:39:26.716056
1.18,83.75,39.94471728604814,-75.11899855915092,89.89,117.14,127.83,AIR_000,52.94,2026-01-05T00:39:26.716059
3.11,32.7,39.91142228115,-75.15986773008153,74.57,91.06,96.67,AIR_002,70.81,2025-12-31T04:39:26.716061
1.53,52.68,39.905174856650405,-75.17009720836987,43.38,160.96,84.05,AIR_001,85.39,2026-01-03T21:39:26.716064
3.28,58.61,39.96646985861452,-75.1867828359262,19.88,136.66,110.45,AIR_006,81.89,2025-12-29T18:39:26.716066
1.72,44.16,39.95867868844586,-75.16322186885556,89.0,18.6,117.83,AIR_006,51.4,2025-12-30T00:39:26.716068
3.66,69.22,39.94732206095285,-75.20763302132454,96.8,188.33,102.98,AIR_003,53.92,2026-01-04T16:39:26.716071
2.19,59.72,39.931504850647634,-75.13881179757337,51.22,165.31,75.87,AIR_003,76.62,2025-12-31T05:39:26.716073
2.54,75.54,39.99222771825062,-75.12580419143953,90.61,129.9,102.91,AIR_007,60.82,2025-12-30T05:39:26.716076
3.1,63.26,39.95189855415436,-75.13259298125288,44.05,75.3,36.53,AIR_006,58.27,2026-01-01T10:39:26.716078
4.85,51.68,39.99152544494542,-75.13652641123758,40.15,23.87,33.78,AIR_007,60.97,2025-12-31T22:39:26.716081
4.72,42.11,39.96819689879739,-75.12650639270773,19.52,113.51,40.72,AIR_001,87.32,2026-01-02T03:39:26.716083
1.11,52.89,39.992315006879174,-75.1379935201424,15.04,123.57,118.98,AIR_001,84.74,2026-01-01T06:39:26.716086
3.18,89.49,39.931168674721825,-75.16739422414201,24.34,96.84,55.54,AIR_005,84.29,2026-01-05T16:39:26.716088
4.92,65.03,39.91534056873889,-75.14052357769366,96.02,107.46,65.62,AIR_007,74.19,2026-01-02T23:39:26.716090
2.81,84.28,39.95114630530095,-75.13498015450526,43.31,168.2,9.79,AIR_007,88.09,2026-01-02T11:39:26.716093
4.67,36.66,39.913733702028246,-75.1535840306983,29.91,154.79,108.94,AIR_006,73.25,2026-01-02T14:39:26.716095
0.41,50.11,39.971843852587654,-75.12620667964767,41.88,193.37,128.11,AIR_000,92.73,2026-01-04T02:39:26.716098
2.35,33.83,39.90706540180107,-75.149741519144,46.24,150.52,41.01,AIR_003,86.1,2026-01-03T14:39:26.716100
4.73,68.51,39.92856893016119,-75.14948810098441,56.62,146.26,115.86,AIR_006,88.67,2026-01-02T03:39:26.716103
3.36,32.05,39.9788069742583,-75.19326390212183,74.15,49.41,43.57,AIR_004,80.94,2026-01-03T14:39:26.716106
1.55,49.74,39.90985459612228,-75.1989293124084,59.05,76.01,129.62,AIR_002,87.97,2026-01-04T20:39:26.716108
3.16,87.41,39.900755363590285,-75.20694395087749,76.08,117.19,107.41,AIR_006,74.36,2025-12-30T13:39:26.716110
2.39,80.85,39.980321678777,-75.16541580372326,67.27,55.93,123.29,AIR_004,90.54,2026-01-05T14:39:26.716113
3.98,78.4,39.95954688430009,-75.19804739370278,11.34,85.86,82.17,AIR_004,76.63,2026-01-03T17:39:26.716115
4.94,76.68,39.99267357087028,-75.17000201691684,53.31,59.11,119.62,AIR_005,67.36,2026-01-01T03:39:26.716118
2.94,45.65,39.93526061055004,-75.12539786654585,55.71,83.21,118.68,AIR_006,82.27,2026-01-02T21:39:26.716120
2.44,85.82,39.902182434172964,-75.19485915357912,14.22,90.34,134.26,AIR_001,61.9,2026-01-04T10:39:26.716123
2.92,46.17,39.96308684499916,-75.1674454503799,46.85,39.32,43.48,AIR_003,50.98,2025-12-30T09:39:26.716125
2.16,85.53,39.90763916461349,-75.11962591659616,94.91,172.95,42.03,AIR_000,77.78,2026-01-03T01:39:26.716128
0.77,80.32,39.91712359430871,-75.13277862146461,12.87,66.28,40.93,AIR_007,84.51,2026-01-01T18:39:26.716130
0.67,43.29,39.97080449319083,-75.14782553641514,48.76,21.64,57.05,AIR_004,77.73,2025-12-31T06:39:26.716132
1.13,63.93,39.99868791105494,-75.11012674486389,18.18,180.86,132.08,AIR_003,79.33,2026-01-04T11:39:26.716135
2.58,78.4,39.979000377730976,-75.17405333521528,10.6,72.29,94.25,AIR_004,68.33,2025-12-31T22:39:26.716137
1.37,62.59,39.94824759207563,-75.15988921344034,65.31,80.61,134.83,AIR_003,70.72,2026-01-02T14:39:26.716140
3.31,38.58,39.90103276906842,-75.15274712801498,68.96,134.69,102.21,AIR_007,68.3,2025-12-31T08:39:26.716142
1.75,34.37,39.90960240448167,-75.16295645560501,39.36,192.8,103.42,AIR_005,52.61,2026-01-01T02:39:26.716144
4.09,48.89,39.90134460095753,-75.1123659157396,95.05,10.26,74.37,AIR_006,79.68,2026-01-01T18:39:26.716147
2.98,76.51,39.9959417341022,-75.14004740408306,48.02,129.3,11.03,AIR_000,62.73,2025-12-29T20:39:26.716149
2.53,65.24,39.91440916598489,-75.13415367441625,39.71,35.86,10.79,AIR_004,59.65,2026-01-01T21:39:26.716152
3.59,64.47,39.9990770612128,-75.11258960664819,60.09,153.47,21.2,AIR_007,69.04,2026-01-01T04:39:26.716154
2.27,72.68,39.90427879403658,-75.18883417800758,64.29,74.65,74.29,AIR_000,75.12,2025-12-30T12:39:26.716157
1.55,76.51,39.90875032383687,-75.11041788150399,76.47,146.35,55.79,AIR_007,65.54,2026-01-03T01:39:26.716159
4.3,62.26,39.93574690776876,-75.13071529628463,79.94,57.78,145.74,AIR_006,85.06,2026-01-02T06:39:26.716162
0.72,51.88,39.9123643846461,-75.19064509457174,40.94,107.73,11.62,AIR_005,90.66,2026-01-01T03:39:26.716164
4.33,66.43,39.99305587084864,-75.13627157346309,60.52,183.81,44.04,AIR_001,50.39,2026-01-03T16:39:26.716167
4.3,85.38,39.944992327681426,-75.12785631318931,27.29,71.32,72.7,AIR_002,53.71,2025-12-30T04:39:26.716169
1.63,32.61,39.947997280837406,-75.18692354709503,90.87,136.73,140.7,AIR_005,93.6,2026-01-02T23:39:26.716172
2.72,55.96,39.957994346962224,-75.18190471239288,86.18,40.01,45.5,AIR_001,51.05,2026-01-04T06:39:26.716174
0.51,47.33,39.998942008167965,-75.17761179864857,65.12,34.17,78.41,AIR_000,64.08,2026-01-03T18:39:26.716177
3.9,65.16,39.957338704039294,-75.11376566202489,80.64,76.07,143.99,AIR_006,65.41,2026-01-03T23:39:26.716179
3.71,71.7,39.99028846810632,-75.11660329185183,21.24,149.06,148.15,AIR_004,89.51,2026-01-03T01:39:26.716182
1.42,68.66,39.94463346833581,-75.12363441453132,58.52,76.11,82.76,AIR_006,66.5,2026-01-02T21:39:26.716184
4.44,67.05,39.908647065442175,-75.17766293217274,43.82,121.04,64.65,AIR_007,57.18,2026-01-04T00:39:26.716187
1.62,65.03,39.91226416540518,-75.19598103925277,17.98,149.5,18.54,AIR_007,84.36,2026-01-04T07:39:26.716189
2.53,43.09,39.90386695909846,-75.11632054237998,97.18,151.79,18.57,AIR_001,50.57,2026-01-02T04:39:26.716192
4.52,53.31,39.998236053015816,-75.11098616818529,99.67,140.86,143.05,AIR_004,62.42,2025-12-31T14:39:26.716194
4.29,72.25,39.94516925932926,-75.15397244228733,92.81,182.3,85.94,AIR_004,54.1,2025-12-31T01:39:26.716197
2.7,52.2,39.93003328051014,-75.19221459215689,55.0,87.29,116.96,AIR_002,84.47,2026-01-04T06:39:26.716199
0.99,33.22,39.922418901879794,-75.16513124761298,29.15,45.8,141.39,AIR_003,54.79,2026-01-05T01:39:26.716202
2.96,30.5,39.914524188463005,-75.13083479910468,72.35,160.69,141.61,AIR_006,51.85,2025-12-31T10:39:26.716204
1.71,64.83,39.97491016297633,-75.15176283851828,74.53,168.49,109.31,AIR_004,65.99,2026-01-04T20:39:26.716206
0.24,78.43,39.930298408310954,-75.1613357037285,45.32,183.07,11.82,AIR_000,87.99,2026-01-01T16:39:26.716209
0.58,74.25,39.981372959779755,-75.13734764354803,95.47,87.52,126.58,AIR_007,63.42,2025-12-30T13:39:26.716212
4.33,52.18,39.94709860919967,-75.15722754517375,30.47,123.05,105.15,AIR_006,54.23,2025-12-31T19:39:26.716214
0.35,33.88,39.93329271654391,-75.11065173069203,75.9,30.82,38.48,AIR_000,91.87,2026-01-01T08:39:26.716216
0.55,86.75,39.98039806496286,-75.17277375696968,54.96,128.89,96.03,AIR_007,79.1,2026-01-02T21:39:26.716219
1.14,32.48,39.99803480182187,-75.11033459082851,46.0,178.53,42.75,AIR_005,69.82,2025-12-31T05:39:26.716221
0.14,32.42,39.95165806212845,-75.14391458168465,96.0,154.7,37.92,AIR_005,50.07,2026-01-01T02:39:26.716224
2.18,85.14,39.98878990397664,-75.19274600076814,16.73,52.68,59.13,AIR_000,90.48,2026-01-02T04:39:26.716226
1.63,76.18,39.97836705014775,-75.18405381304775,29.47,127.31,120.0,AIR_001,75.2,2026-01-03T04:39:26.716229
4.97,74.3,39.9201686035442,-75.13069636552281,51.29,13.58,134.09,AIR_002,55.04,2026-01-03T15:39:26.716231
3.57,36.55,39.921221017489586,-75.11160971536226,86.63,73.94,23.28,AIR_000,77.53,2025-12-30T18:39:26.716234
4.64,45.54,39.99583088585798,-75.18752728417178,70.1,122.29,54.24,AIR_003,70.44,2025-12-30T11:39:26.716236
4.86,40.14,39.936990109249905,-75.20523855730652,10.07,72.28,134.35,AIR_002,76.28,2026-01-04T10:39:26.716239
3.5,51.66,39.90194168352405,-75.18206609179035,78.52,18.38,61.28,AIR_007,89.65,2025-12-30T14:39:26.716241
4.31,67.19,39.964812171804155,-75.11687516645522,84.87,145.49,13.45,AIR_006,90.64,2025-12-30T04:39:26.716244
3.59,77.05,39.98834674778713,-75.13547100723754,38.79,198.79,118.28,AIR_005,59.65,2025-12-30T01:39:26.716246
4.34,35.57,39.900805857826924,-75.12173115147324,56.91,195.87,31.09,AIR_003,62.17,2026-01-05T15:39:26.716249
2.03,75.95,39.98239403368693,-75.18952032218158,51.64,159.28,142.94,AIR_003,55.8,2025-12-31T14:39:26.716251
3.35,75.44,39.99371598007833,-75.14461042047537,82.49,89.1,108.53,AIR_007,76.83,2026-01-02T03:39:26.716254
2.66,58.84,39.94578857040083,-75.20875265739176,41.14,164.73,126.71,AIR_005,58.14,2025-12-30T02:39:26.716256
3.45,59.77,39.9664228902574,-75.18056224809811,37.26,52.76,26.17,AIR_004,69.29,2025-12-31T13:39:26.716258
3.91,46.1,39.93752159183883,-75.17861949064523,18.57,153.7,122.44,AIR_007,66.56,2026-01-01T00:39:26.716261
0.89,46.51,39.93378148886986,-75.17934053259465,25.01,36.1,19.8,AIR_004,68.78,2026-01-03T00:39:26.716264
1.84,62.03,39.909310501989246,-75.18132144503583,57.35,49.79,45.24,AIR_001,63.72,2026-01-03T05:39:26.716266
3.47,58.12,39.95950255828655,-75.20621170239826,31.9,172.34,105.98,AIR_005,66.1,2026-01-02T07:39:26.716269
3.2,85.08,39.90720768106565,-75.15704587605188,36.21,135.98,22.49,AIR_000,83.26,2026-01-05T17:39:26.716271
1.93,35.83,39.99048308696032,-75.12709017172472,87.1,83.71,97.03,AIR_003,78.42,2026-01-02T06:39:26.716273
1.14,84.11,39.9079880005446,-75.12809179438683,23.61,149.54,85.56,AIR_007,85.99,2025-12-30T08:39:26.716276
0.5,48.4,39.99913301742585,-75.18349678318557,86.45,153.52,45.43,AIR_006,70.48,2025-12-31T06:39:26.716278
0.9,67.77,39.93594176636509,-75.18931153479983,55.33,167.33,37.93,AIR_004,74.23,2026-01-04T10:39:26.716281
3.28,67.42,39.93046458405298,-75.15525363402236,60.87,184.05,38.03,AIR_006,68.56,2026-01-03T11:39:26.716283
2.7,36.34,39.93186258397497,-75.14973677962256,68.46,38.66,14.91,AIR_005,56.6,2026-01-04T21:39:26.716286
4.71,40.55,39.9239753383855,-75.20996934648127,79.8,164.63,26.16,AIR_003,64.81,2026-01-01T18:39:26.716288
4.28,61.47,39.960707440759364,-75.14411389068675,33.79,114.09,35.33,AIR_003,90.31,2026-01-03T10:39:26.716291
1.46,73.92,39.97092671444797,-75.14173824450992,90.64,64.73,47.89,AIR_003,54.46,2025-12-30T22:39:26.716293
1.5,35.55,39.941012880238155,-75.16174589515816,14.36,148.98,128.02,AIR_007,52.46,2025-12-30T11:39:26.716296
1.26,87.45,39.95831093499106,-75.19894533002386,60.68,140.07,27.89,AIR_007,94.45,2026-01-03T22:39:26.716298
3.61,88.98,39.925439399211804,-75.12701422314588,68.4,136.38,51.59,AIR_001,92.43,2026-01-01T12:39:26.716301
2.8,45.7,39.952856521108615,-75.16165507284312,87.34,14.36,69.0,AIR_007,91.08,2026-01-01T20:39:26.716303
1.48,67.25,39.90801535048042,-75.14034572505794,46.02,115.37,8.38,AIR_002,51.53,2025-12-30T23:39:26.716306
3.74,46.56,39.919008159147644,-75.19931593696563,24.19,165.71,62.97,AIR_007,74.55,2026-01-02T03:39:26.716308
4.78,45.71,39.9976145307007,-75.18415574413102,33.24,117.97,55.61,AIR_006,76.58,2025-12-30T00:39:26.716311
2.54,87.24,39.92337701496422,-75.1515107597665,81.18,165.62,102.16,AIR_000,66.9,2026-01-03T14:39:26.716313
4.34,33.85,39.980123758089334,-75.15247591881925,15.75,163.06,13.11,AIR_007,89.3,2025-12-29T21:39:26.716315
3.12,41.25,39.97537719922545,-75.11106769235344,43.6,97.62,84.32,AIR_000,70.75,2026-01-01T03:39:26.716318
2.31,59.99,39.991009364909964,-75.17141266971772,66.3,189.2,93.34,AIR_003,84.82,2026-01-04T04:39:26.716320
0.7,71.63,39.94319741870032,-75.17212107845484,26.48,151.03,89.33,AIR_001,66.53,2026-01-05T08:39:26.716323
3.8,64.1,39.953481442305595,-75.1230880324072,70.52,39.32,56.23,AIR_001,52.39,2026-01-03T02:39:26.716325
0.85,80.91,39.91988793791272,-75.17541125863738,56.85,91.84,133.21,AIR_000,82.61,2026-01-04T23:39:26.716328
0.44,82.04,39.99884922608094,-75.1823685683288,23.35,169.68,82.08,AIR_001,64.31,2026-01-05T05:39:26.716330
2.33,39.19,39.920686891026186,-75.14337615247716,50.9,77.72,138.7,AIR_005,59.47,2026-01-01T16:39:26.716333
3.95,61.72,39.98307062137964,-75.12657892672745,31.47,38.59,121.48,AIR_005,62.43,2026-01-04T22:39:26.716336
3.6,87.61,39.96274750306228,-75.18612911224832,88.66,144.84,56.59,AIR_006,68.45,2026-01-02T18:39:26.716338
2.71,45.91,39.90341241799647,-75.11850145180988,71.33,33.61,23.34,AIR_007,75.16,2026-01-02T18:39:26.716341
4.93,50.54,39.981816728795245,-75.1162806042743,10.48,54.5,10.49,AIR_007,88.84,2026-01-05T17:39:26.716343
3.26,79.16,39.98556922960036,-75.12163254437655,69.67,13.02,124.26,AIR_005,70.01,2026-01-03T06:39:26.716345
2.05,75.71,39.93383507890177,-75.13741758305508,91.07,131.24,35.58,AIR_003,84.88,2025-12-31T20:39:26.716348
3.92,54.9,39.999199109642944,-75.11259263724557,13.4,139.44,71.36,AIR_005,57.17,2026-01-01T21:39:26.716350
2.48,42.98,39.90995260323763,-75.17158492840551,93.01,94.0,100.16,AIR_005,86.63,2026-01-03T23:39:26.716353
2.66,80.58,39.96638866030812,-75.16380244891975,94.29,119.86,102.07,AIR_003,53.32,2025-12-31T02:39:26.716355
0.35,34.48,39.956265965921716,-75.11597269582698,44.65,18.3,7.62,AIR_001,86.26,2025-12-31T04:39:26.716358
4.62,57.04,39.98970152802839,-75.17825010592867,76.78,68.51,117.96,AIR_006,54.87,2025-12-30T01:39:26.716360
3.63,44.51,39.921459641233604,-75.12472639725254,65.26,32.54,26.53,AIR_005,69.75,2026-01-04T15:39:26.716363
4.88,32.45,39.970906807044,-75.12861121697553,59.22,134.12,62.38,AIR_001,83.4,2026-01-05T06:39:26.716365
1.07,53.25,39.993131103472635,-75.11357884792166,11.32,65.14,37.21,AIR_001,63.83,2026-01-02T19:39:26.716368
2.58,33.64,39.96383160414789,-75.13146055081047,89.23,180.77,121.16,AIR_003,86.99,2025-12-29T17:39:26.716370
3.78,59.81,39.974818814871526,-75.2036260882894,80.5,146.74,83.89,AIR_002,90.64,2025-12-31T12:39:26.716373
4.04,72.83,39.90903643223682,-75.19438213336224,26.22,80.54,144.82,AIR_001,71.38,2025-12-31T13:39:26.716375
2.71,30.97,39.931455737300645,-75.17827608080562,53.44,89.63,48.65,AIR_007,87.79,2026-01-05T12:39:26.716377
1.9,54.58,39.997395252898514,-75.14524299167886,53.14,55.45,111.58,AIR_004,53.32,2026-01-01T16:39:26.716380
2.35,52.39,39.92359720250977,-75.18040856695514,78.35,157.48,70.86,AIR_005,86.73,2025-12-31T19:39:26.716382
1.1,30.08,39.94807832576247,-75.18066954684538,43.08,140.85,120.54,AIR_006,91.92,2026-01-04T21:39:26.716385
0.61,69.44,39.90784007755501,-75.19628179685579,80.36,89.47,85.92,AIR_000,60.25,2026-01-02T23:39:26.716387
3.75,89.92,39.92311263934464,-75.16408613790632,68.31,28.3,78.09,AIR_006,71.83,2026-01-03T16:39:26.716390
2.28,42.33,39.91656559551837,-75.19118075318234,88.74,42.36,149.22,AIR_000,90.2,2026-01-02T19:39:26.716392
0.42,53.21,39.92569578509106,-75.19728368836675,50.92,150.39,44.59,AIR_006,59.19,2026-01-04T19:39:26.716395
4.32,63.52,39.93903582665239,-75.11241304769449,71.41,174.35,110.97,AIR_002,51.52,2026-01-01T22:39:26.716397
0.14,42.07,39.96956799566247,-75.16389887939813,17.54,179.83,133.94,AIR_000,90.45,2025-12-30T19:39:26.716399
0.45,30.5,39.94292529180617,-75.1842345451434,30.33,92.43,96.99,AIR_004,74.42,2026-01-04T04:39:26.716402
2.22,55.16,39.976615753965014,-75.13938358173799,20.88,199.75,50.59,AIR_000,93.46,2026-01-03T07:39:26.716405
3.95,56.48,39.907785899003436,-75.19323840410654,21.64,92.62,140.7,AIR_006,85.84,2025-12-31T04:39:26.716407
4.53,37.09,39.96914423735078,-75.15768762454965,15.84,174.61,12.88,AIR_000,85.36,2025-12-31T19:39:26.716409
1.2,47.22,39.91804344742284,-75.20022594855192,31.01,128.31,6.97,AIR_002,90.99,2026-01-01T21:39:26.716412
0.54,48.46,39.97361330832111,-75.15188211267623,82.73,110.23,108.1,AIR_005,59.04,2025-12-29T21:39:26.716414
2.1,79.18,39.94147457734767,-75.15900712593302,43.08,47.93,46.32,AIR_006,76.48,2026-01-01T01:39:26.716417
4.9,38.75,39.97733331223148,-75.20925179784139,20.02,97.42,76.51,AIR_000,66.33,2026-01-02T11:39:26.716419
3.71,64.14,39.996342401878586,-75.18367397815472,96.1,177.25,149.3,AIR_006,69.85,2026-01-03T14:39:26.716422
0.63,37.81,39.982484423875974,-75.14705987020697,92.46,67.49,148.51,AIR_002,92.33,2026-01-02T11:39:26.716424
3.06,32.52,39.93343537480343,-75.15635687264344,73.86,184.35,45.74,AIR_006,79.2,2026-01-01T00:39:26.716427
3.84,87.68,39.97067070562587,-75.16482320528266,30.99,184.45,21.96,AIR_001,52.85,2026-01-05T05:39:26.716429
2.19,49.95,39.91193560022317,-75.20089575186554,74.92,188.09,20.45,AIR_002,86.84,2025-12-31T09:39:26.716431
1.71,62.72,39.9413291511824,-75.14159292286487,96.74,23.29,17.51,AIR_007,69.18,2026-01-05T00:39:26.716434
3.22,60.9,39.945009097045066,-75.15883790367262,93.05,34.99,5.49,AIR_006,90.94,2026-01-03T15:39:26.716436
3.24,36.75,39.95029702648768,-75.18653753293638,37.26,62.57,118.55,AIR_006,80.46,2025-12-31T01:39:26.716439
2.24,68.6,39.94263681488563,-75.16325463290343,96.51,175.96,37.16,AIR_002,69.12,2026-01-02T21:39:26.716441
3.59,32.36,39.95553289652337,-75.19418734481278,10.17,74.12,125.54,AIR_003,60.07,2026-01-04T11:39:26.716444
3.15,74.16,39.94100177714711,-75.2041575728022,37.02,108.29,113.06,AIR_004,88.24,2026-01-04T19:39:26.716446
1.39,74.19,39.94301482605273,-75.13818195748604,18.5,38.64,64.48,AIR_006,54.6,2026-01-03T03:39:26.716449
2.05,74.8,39.91536496675973,-75.18575878911383,40.28,102.83,57.83,AIR_005,68.36,2026-01-02T02:39:26.716451
4.67,36.4,39.954622822907695,-75.18537756820389,22.96,196.01,39.44,AIR_003,82.69,2025-12-30T03:39:26.716454
3.81,60.68,39.93597529709563,-75.12357125323868,95.49,164.23,64.03,AIR_005,56.46,2026-01-02T01:39:26.716456
1.07,47.49,39.96665522306722,-75.11145637809192,99.81,32.16,69.17,AIR_000,67.25,2026-01-04T05:39:26.716458
3.86,88.66,39.98460372580459,-75.1321591484007,57.68,172.34,97.58,AIR_003,60.53,2026-01-03T12:39:26.716461
3.14,31.79,39.91799374418971,-75.206332774136,99.79,72.59,89.63,AIR_005,81.75,2026-01-01T02:39:26.716463
2.47,82.6,39.98881299471822,-75.1929075057055,12.91,126.16,97.53,AIR_003,85.74,2025-12-31T23:39:26.716466
3.24,71.36,39.99376219920996,-75.18016457551792,44.8,62.75,72.25,AIR_005,51.5,2026-01-02T10:39:26.716469
3.66,39.54,39.94400716894462,-75.17488559078397,20.24,65.55,41.1,AIR_005,94.83,2026-01-02T04:39:26.716471
1.53,53.7,39.98481504160447,-75.11510840018917,22.02,84.81,139.6,AIR_004,68.15,2026-01-01T07:39:26.716474
4.63,48.43,39.93766625480175,-75.20738531860383,42.41,80.14,93.27,AIR_006,52.93,2025-12-30T16:39:26.716476
2.08,56.29,39.91140414907346,-75.14718374543598,76.72,17.06,74.06,AIR_000,60.33,2026-01-01T18:39:26.716478
0.28,30.49,39.972702711114565,-75.19908652362518,54.83,11.43,71.95,AIR_001,55.68,2025-12-31T16:39:26.716481
3.25,49.55,39.994298189762176,-75.17524694970125,95.14,83.04,100.63,AIR_002,71.94,2026-01-03T01:39:26.716483
3.26,83.64,39.92130160186542,-75.12914074203469,16.98,166.4,50.41,AIR_007,69.42,2025-12-31T09:39:26.716486
0.94,34.77,39.997596585905534,-75.1824397709742,39.33,163.55,135.28,AIR_001,94.04,2025-12-30T01:39:26.716489
0.93,56.09,39.956231502813246,-75.11768051705147,75.79,163.07,12.27,AIR_002,82.17,2025-12-30T21:39:26.716492
1.73,58.31,39.975646553139725,-75.17083502575012,32.9,125.5,41.48,AIR_007,69.0,2025-12-31T20:39:26.716496
0.46,81.4,39.914914645797815,-75.16367604065559,95.02,79.57,20.37,AIR_003,82.37,2026-01-04T01:39:26.716499
1.61,80.02,39.931608376987604,-75.17135500694097,39.16,182.56,11.84,AIR_006,65.46,2026-01-05T08:39:26.716502
0.55,43.03,39.94651864621539,-75.14670859542254,30.43,156.14,71.34,AIR_007,62.28,2026-01-04T09:39:26.716505
3.58,37.13,39.989790083032524,-75.20677792792323,35.87,57.08,66.38,AIR_002,72.61,2026-01-03T08:39:26.716507
2.4,44.23,39.93068342039754,-75.1347806434106,65.45,75.46,148.87,AIR_001,64.83,2025-12-31T07:39:26.716510
0.65,85.53,39.91787000966795,-75.17617473450683,59.06,147.66,135.53,AIR_007,63.26,2026-01-01T07:39:26.716512
1.19,60.82,39.959836632289765,-75.14865088953015,24.51,69.69,39.53,AIR_004,93.27,2025-12-30T23:39:26.716515
3.28,87.0,39.95122515101013,-75.1946389469171,90.19,188.73,27.35,AIR_000,53.58,2026-01-01T21:39:26.716517
0.7,37.86,39.99447397627932,-75.15113819744654,40.78,146.62,8.0,AIR_003,69.54,2026-01-03T19:39:26.716520
2.19,78.43,39.935849166768186,-75.12447899604703,80.79,34.38,69.07,AIR_006,55.05,2026-01-04T11:39:26.716522
3.74,32.75,39.977358777118326,-75.11450588291305,18.27,45.74,128.42,AIR_004,53.64,2026-01-03T18:39:26.716525
1.14,77.9,39.96828819675841,-75.16545510888386,70.85,128.4,95.95,AIR_005,60.04,2026-01-02T22:39:26.716527
2.54,37.11,39.925399624684104,-75.15104167100492,30.99,175.99,80.48,AIR_001,77.47,2026-01-03T01:39:26.716530
3.99,66.03,39.996645663227575,-75.1810677335573,28.86,72.92,90.07,AIR_001,93.87,2026-01-04T16:39:26.716532
4.97,43.32,39.97481728615775,-75.12084919230354,91.25,68.54,116.73,AIR_002,50.78,2026-01-02T13:39:26.716535
0.16,81.0,39.963664370952436,-75.16011286585643,74.28,137.41,66.99,AIR_007,67.92,2026-01-05T17:39:26.716537
1.61,74.76,39.95160232230048,-75.1793953324838,55.4,92.37,77.16,AIR_003,59.84,2026-01-05T02:39:26.716540
4.59,62.5,39.98667615873153,-75.1952697820544,91.23,35.17,17.36,AIR_006,52.03,2026-01-03T23:39:26.716542
0.65,58.71,39.979347678864606,-75.15646041408677,27.29,26.05,149.12,AIR_000,70.34,2026-01-02T04:39:26.716545
1.21,76.83,39.91453701975104,-75.14995627083432,40.31,138.04,147.08,AIR_004,62.2,2025-12-30T15:39:26.716548
0.96,72.75,39.97724438371975,-75.11228571176527,41.75,144.28,60.41,AIR_002,88.68,2026-01-01T16:39:26.716552
3.98,38.11,39.920096951958854,-75.17383429417116,25.62,166.29,75.59,AIR_001,76.4,2025-12-31T17:39:26.716555
4.89,41.57,39.93097180157527,-75.13782814871442,58.4,112.95,13.7,AIR_005,60.69,2026-01-02T10:39:26.716559
3.23,37.6,39.92842736295052,-75.19058185332199,49.36,43.56,113.97,AIR_005,60.45,2025-12-30T11:39:26.716562
4.99,86.44,39.90027699233881,-75.16308099030964,59.36,38.24,101.66,AIR_005,76.61,2026-01-01T10:39:26.716566
1.6,84.74,39.9188212016734,-75.17196196788633,71.71,168.73,139.07,AIR_006,72.75,2025-12-31T21:39:26.716569
0.91,79.9,39.981975435429334,-75.1733872503977,19.43,130.93,111.0,AIR_001,58.82,2025-12-30T07:39:26.716573
4.24,77.2,39.990985415835425,-75.13528054522197,35.37,19.94,132.08,AIR_001,88.42,2025-12-31T09:39:26.716576
0.2,46.59,39.96955671121485,-75.14779728911357,19.37,32.71,65.34,AIR_006,56.88,2026-01-02T01:39:26.716580
4.45,75.74,39.97636066792696,-75.18634284623333,64.25,42.33,129.58,AIR_006,74.21,2026-01-02T12:39:26.716583
3.75,62.31,39.910278385128265,-75.12167263787637,56.49,76.01,84.76,AIR_003,64.66,2025-12-31T01:39:26.716587
2.74,47.97,39.97781563302706,-75.1337650463407,21.37,14.36,106.86,AIR_003,74.08,2026-01-03T01:39:26.716590
