meter_id,timestamp,building_type,location_lat,location_lon,power_consumption,voltage,current,power_factor
ENERGY_011,2026-01-03T05:39:27.516154,Commercial,39.98419127832235,-75.20418252976647,85.09,116.76,47.91,0.88
ENERGY_003,2026-01-04T23:39:27.516178,Mixed-Use,39.90446031854578,-75.20505001578344,37.66,120.02,7.28,0.99
ENERGY_002,2026-01-05T06:39:27.516187,Mixed-Use,39.900884258682055,-75.12661353406362,479.27,118.11,22.44,0.86
ENERGY_009,2026-01-01T16:39:27.516193,Mixed-Use,39.96086000254983,-75.1751612632526,336.53,122.37,13.43,0.91
ENERGY_001,2025-12-30T05:39:27.516198,Mixed-Use,39.93856386500819,-75.13467047658392,106.09,112.13,45.96,0.9
ENERGY_010,2025-12-29T17:39:27.516203,Industrial,39.90780303109288,-75.14551378781046,411.56,114.2,5.01,0.89
ENERGY_009,2025-12-30T04:39:27.516208,Commercial,39.913412398508164,-75.20277551477778,499.08,113.55,6.03,0.98
ENERGY_001,2025-12-31T23:39:27.516212,Mixed-Use,39.915852302431574,-75.12805227468921,73.63,113.83,44.94,1.0
ENERGY_008,2025-12-30T02:39:27.516217,Commercial,39.931406891561494,-75.18477084565231,13.62,110.95,5.43,0.9
ENERGY_003,2026-01-05T10:39:27.516221,Mixed-Use,39.94985693706249,-75.185563008528,155.73,114.38,31.98,0.85
ENERGY_001,2025-12-31T18:39:27.516226,Commercial,39.987793078055205,-75.15204469294132,358.48,114.42,40.22,0.83
ENERGY_009,2026-01-05T14:39:27.516231,Commercial,39.90104936543344,-75.20716657203744,491.42,115.14,10.56,0.99
ENERGY_001,2026-01-04T19:39:27.516235,Commercial,39.932919916487194,-75.14457083962083,187.41,122.25,21.78,0.84
ENERGY_005,2026-01-01T09:39:27.516240,Mixed-Use,39.99017467424714,-75.20092547641225,130.56,111.0,31.74,0.94
ENERGY_002,2025-12-29T20:39:27.516245,Commercial,39.9484486788753,-75.15739635374331,46.21,123.18,29.42,0.94
ENERGY_002,2026-01-04T11:39:27.516249,Mixed-Use,39.9615771204066,-75.14841746360717,297.61,119.87,39.93,0.81
ENERGY_011,2026-01-02T00:39:27.516253,Commercial,39.99113883980971,-75.12531332699874,353.44,111.57,16.48,1.0
ENERGY_011,2026-01-02T07:39:27.516258,Residential,39.900537980650434,-75.12872453845759,305.5,117.09,6.03,0.9
ENERGY_010,2026-01-04T21:39:27.516262,Commercial,39.98855951319474,-75.20892946072276,387.66,120.22,33.76,0.81
ENERGY_006,2026-01-01T05:39:27.516267,Residential,39.991453705006776,-75.13353893910171,402.02,114.56,30.55,0.96
ENERGY_007,2026-01-02T13:39:27.516272,Mixed-Use,39.94232816902667,-75.13170372657581,233.75,124.52,28.21,0.86
ENERGY_000,2025-12-31T15:39:27.516276,Industrial,39.92430261504653,-75.13605727199426,285.91,116.63,7.8,0.83
ENERGY_008,2025-12-29T17:39:27.516280,Commercial,39.91648748563195,-75.17734927691676,375.01,123.9,5.1,0.83
ENERGY_011,2026-01-03T00:39:27.516285,Commercial,39.93070454327566,-75.13498004432397,285.34,121.0,34.7,0.86
ENERGY_004,2026-01-01T10:39:27.516289,Mixed-Use,39.970473261257844,-75.18965133885226,70.04,113.07,5.11,0.95
ENERGY_004,2025-12-29T23:39:27.516294,Industrial,39.94007521239088,-75.20645317320987,48.81,115.95,25.27,0.88
ENERGY_010,2026-01-03T15:39:27.516298,Mixed-Use,39.97694014665078,-75.15774959650425,482.3,120.27,7.23,0.85
ENERGY_000,2025-12-31T23:39:27.516303,Commercial,39.9100719286058,-75.15364336709116,56.88,122.8,29.91,0.98
ENERGY_007,2026-01-01T17:39:27.516308,Residential,39.96700070290327,-75.19437397660647,78.78,115.41,22.8,0.88
ENERGY_005,2026-01-01T15:39:27.516312,Residential,39.95505554383325,-75.16938367652523,371.59,118.53,38.55,0.87
ENERGY_001,2026-01-03T15:39:27.516317,Mixed-Use,39.98136488960673,-75.18216810472575,129.02,112.13,49.04,0.83
ENERGY_004,2025-12-31T22:39:27.516321,Commercial,39.910297672129644,-75.16114611877528,289.08,122.17,14.49,0.92
ENERGY_000,2026-01-03T10:39:27.516325,Residential,39.97436597769369,-75.12531775101326,459.45,124.7,17.9,0.97
ENERGY_006,2026-01-05T07:39:27.516330,Mixed-Use,39.918172265946076,-75.18902081038063,112.08,121.31,44.28,0.92
ENERGY_009,2025-12-30T20:39:27.516334,Commercial,39.98209933883394,-75.2064306308266,37.2,121.26,48.89,0.83
ENERGY_008,2026-01-01T07:39:27.516338,Industrial,39.99922922484746,-75.14460596029907,239.59,124.15,48.33,1.0
ENERGY_004,2025-12-31T07:39:27.516343,Commercial,39.95589375907162,-75.12317823907617,469.26,112.01,42.65,0.98
ENERGY_006,2025-12-30T11:39:27.516347,Mixed-Use,39.982416852413294,-75.1364113526786,417.55,111.13,18.08,0.81
ENERGY_008,2025-12-30T11:39:27.516351,Mixed-Use,39.900758291640024,-75.13370542172876,365.16,123.98,26.94,0.97
ENERGY_009,2026-01-02T14:39:27.516356,Commercial,39.980349166215476,-75.18836481601848,37.94,114.77,46.41,0.86
ENERGY_001,2026-01-03T04:39:27.516360,Mixed-Use,39.97549207072273,-75.1940582066752,192.29,117.05,17.66,0.99
ENERGY_004,2026-01-03T19:39:27.516365,Industrial,39.957432908486865,-75.1637980743494,32.44,120.47,14.7,0.9
ENERGY_009,2025-12-30T23:39:27.516369,Mixed-Use,39.96179840521209,-75.17997598516622,109.54,115.0,22.89,1.0
ENERGY_003,2026-01-02T07:39:27.516373,Commercial,39.94916427917688,-75.20294643760815,381.4,112.38,30.24,0.83
ENERGY_006,2025-12-29T23:39:27.516378,Industrial,39.92424592124686,-75.1105148354582,366.3,113.97,13.22,0.99
ENERGY_004,2025-12-31T22:39:27.516382,Industrial,39.900956970866694,-75.18593866266582,202.63,124.22,37.01,0.98
ENERGY_001,2026-01-04T22:39:27.516387,Commercial,39.938947316253696,-75.19824357312113,347.15,112.28,22.18,0.86
ENERGY_000,2026-01-05T11:39:27.516391,Residential,39.95310999696528,-75.12056981152884,384.37,124.68,30.77,0.91
ENERGY_004,2026-01-04T01:39:27.516395,Commercial,39.94213179674081,-75.16611006529692,468.21,120.43,18.1,0.85
ENERGY_000,2026-01-04T03:39:27.516399,Industrial,39.97458560576132,-75.12549867999358,102.81,113.57,13.79,0.91
ENERGY_008,2026-01-01T13:39:27.516404,Residential,39.94387058974559,-75.11426999796099,380.72,111.79,31.17,0.85
ENERGY_010,2026-01-01T03:39:27.516408,Mixed-Use,39.93239695777001,-75.143814113484,206.99,112.05,43.16,0.98
ENERGY_007,2026-01-03T12:39:27.516413,Commercial,39.91300643217864,-75.18088256333012,151.8,114.7,6.97,0.88
ENERGY_010,2026-01-05T16:39:27.516417,Commercial,39.95185631643371,-75.18691748300999,390.61,122.95,40.48,0.96
ENERGY_008,2025-12-30T20:39:27.516421,Mixed-Use,39.90375837949162,-75.12734605794792,80.83,113.65,39.98,0.84
ENERGY_011,2025-12-31T15:39:27.516426,Commercial,39.93009510947677,-75.13100669402837,141.96,113.51,14.97,0.92
ENERGY_008,2025-12-31T10:39:27.516430,Mixed-Use,39.9211990320015,-75.14761694692459,463.17,116.31,42.94,0.85
ENERGY_001,2026-01-04T01:39:27.516434,Residential,39.958960926964046,-75.1939905988721,349.64,110.7,20.97,0.91
ENERGY_000,2026-01-01T22:39:27.516439,Mixed-Use,39.92996248534745,-75.12968381433046,345.49,124.49,21.12,0.87
ENERGY_000,2026-01-05T06:39:27.516443,Residential,39.943159668345594,-75.16856516149475,214.77,118.2,22.53,0.8
ENERGY_002,2026-01-04T17:39:27.516447,Residential,39.96766987979314,-75.14183322410233,353.58,115.7,43.41,0.88
ENERGY_008,2026-01-04T06:39:27.516452,Industrial,39.93430359504327,-75.1900085752712,416.05,123.12,37.06,0.88
ENERGY_005,2026-01-03T05:39:27.516456,Residential,39.942793037247895,-75.16604576182839,365.43,122.91,5.62,0.97
ENERGY_004,2025-12-31T01:39:27.516461,Residential,39.96619202740396,-75.20791171553563,323.58,124.73,36.13,0.83
ENERGY_009,2026-01-04T03:39:27.516465,Mixed-Use,39.94624343700134,-75.184140457222,397.25,112.61,13.02,0.94
ENERGY_011,2026-01-01T15:39:27.516470,Commercial,39.91534869919106,-75.12450761213768,201.13,116.39,9.48,0.9
ENERGY_011,2025-12-31T22:39:27.516474,Residential,39.98419015069945,-75.15444373392197,207.98,115.25,28.43,0.91
ENERGY_004,2026-01-05T00:39:27.516479,Residential,39.927640106940025,-75.11156489231723,485.68,116.05,22.15,0.99
ENERGY_010,2026-01-03T13:39:27.516483,Residential,39.991634931240284,-75.14675214181894,99.65,112.64,6.49,0.89
ENERGY_000,2026-01-04T15:39:27.516487,Mixed-Use,39.96513323266647,-75.13645886196008,335.34,119.72,35.13,0.93
ENERGY_003,2026-01-02T12:39:27.516492,Mixed-Use,39.924448220632534,-75.12026371925754,418.65,113.32,39.82,0.96
ENERGY_011,2025-12-30T11:39:27.516496,Commercial,39.94247292073223,-75.13873279935888,430.38,122.7,38.05,0.82
ENERGY_011,2026-01-01T17:39:27.516500,Commercial,39.97671468262407,-75.19902696001841,206.35,115.9,24.35,0.88
ENERGY_007,2026-01-04T04:39:27.516504,Commercial,39.913579720533754,-75.20978193432835,256.73,114.84,31.69,0.82
ENERGY_009,2025-12-30T00:39:27.516509,Mixed-Use,39.90267201620386,-75.1733820844379,190.72,113.67,44.02,0.9
ENERGY_002,2025-12-30T20:39:27.516513,Commercial,39.97350749250058,-75.11442898091335,155.8,124.05,13.91,0.91
ENERGY_000,2026-01-02T11:39:27.516517,Mixed-Use,39.99263039880917,-75.1322177471414,352.34,124.22,46.6,0.97
ENERGY_009,2025-12-31T17:39:27.516522,Commercial,39.98069231714884,-75.15456279841106,89.94,116.24,23.14,0.89
ENERGY_002,2026-01-04T12:39:27.516526,Commercial,39.943118777072456,-75.1998203274443,261.42,118.09,43.09,0.88
ENERGY_011,2026-01-02T00:39:27.516531,Industrial,39.92046025682109,-75.19409007665338,186.91,115.72,5.21,0.96
ENERGY_001,2026-01-02T18:39:27.516535,Commercial,39.924591367355994,-75.16450660874966,68.84,110.4,13.85,0.86
ENERGY_004,2026-01-05T10:39:27.516539,Industrial,39.918208691261434,-75.15437878958382,192.58,118.18,12.62,0.87
ENERGY_011,2025-12-31T09:39:27.516544,Commercial,39.92132903376141,-75.1378328600034,84.55,122.29,7.7,0.83
ENERGY_005,2026-01-05T11:39:27.516548,Residential,39.9006217244254,-75.1241506629494,73.1,111.03,36.62,0.95
ENERGY_005,2026-01-04T20:39:27.516553,Industrial,39.933203006315374,-75.19055331574832,134.55,121.49,8.52,0.97
ENERGY_005,2026-01-03T18:39:27.516557,Commercial,39.91376026731889,-75.1401448785581,276.59,121.51,39.25,0.85
ENERGY_005,2026-01-02T13:39:27.516561,Commercial,39.95397172488188,-75.18766210920691,318.49,111.55,39.8,0.8
ENERGY_009,2026-01-04T19:39:27.516566,Residential,39.921909590830325,-75.11419442225733,104.66,122.94,33.1,0.86
ENERGY_005,2026-01-01T23:39:27.516570,Industrial,39.91821235575141,-75.1653736062146,428.31,114.88,21.59,0.8
ENERGY_004,2026-01-02T07:39:27.516574,Residential,39.905079505834884,-75.14216936710645,100.23,121.65,9.11,0.85
ENERGY_000,2026-01-05T17:39:27.516579,Industrial,39.92730840916798,-75.15163032891118,141.63,123.72,33.5,0.91
ENERGY_007,2025-12-31T10:39:27.516583,Mixed-Use,39.923238869420665,-75.20253867872295,347.87,116.36,25.65,0.83
ENERGY_006,2026-01-01T09:39:27.516587,Mixed-Use,39.97564793777665,-75.11373635883434,152.09,110.81,31.52,0.81
ENERGY_008,2025-12-30T10:39:27.516592,Residential,39.92412929538644,-75.18367079881159,362.52,116.92,32.66,0.99
ENERGY_010,2025-12-30T14:39:27.516597,Mixed-Use,39.997066044062294,-75.13096334563232,58.05,124.17,11.79,0.87
ENERGY_001,2026-01-05T01:39:27.516601,Industrial,39.91101261581466,-75.15582263273674,18.23,117.74,29.35,0.99
ENERGY_011,2026-01-04T23:39:27.516606,Commercial,39.94676659680936,-75.1103623754629,169.65,114.87,5.45,0.95
ENERGY_009,2025-12-30T19:39:27.516610,Industrial,39.957491052417815,-75.14470054176776,68.72,123.43,41.25,0.91
ENERGY_011,2026-01-03T11:39:27.516614,Commercial,39.988155822183764,-75.19329405531361,112.11,123.84,23.83,1.0
ENERGY_001,2026-01-03T00:39:27.516619,Residential,39.93334248952716,-75.15032450753895,324.09,112.1,8.43,0.84
ENERGY_003,2025-12-29T18:39:27.516624,Commercial,39.937007447349124,-75.20973056512477,171.09,123.11,11.73,0.82
ENERGY_009,2026-01-02T08:39:27.516628,Residential,39.97576611940217,-75.1796276114126,45.28,114.09,25.39,0.84
ENERGY_008,2026-01-01T03:39:27.516633,Mixed-Use,39.90101914034234,-75.11274998324302,38.19,118.53,20.31,0.92
ENERGY_010,2026-01-01T06:39:27.516637,Mixed-Use,39.94967262423458,-75.11551635461352,296.99,124.38,10.31,0.99
ENERGY_008,2026-01-05T10:39:27.516642,Residential,39.96436122652405,-75.16023635603112,330.0,120.35,29.1,0.91
ENERGY_002,2026-01-02T19:39:27.516646,Industrial,39.936954981073306,-75.15242462384825,477.05,122.27,5.98,0.85
ENERGY_002,2026-01-02T12:39:27.516651,Mixed-Use,39.971417654086295,-75.19808497133961,234.29,114.24,28.17,0.93
ENERGY_002,2025-12-30T10:39:27.516655,Mixed-Use,39.95481752381402,-75.19528536102355,103.9,115.79,34.51,0.85
ENERGY_005,2026-01-03T02:39:27.516659,Industrial,39.9699980222856,-75.16484409820019,446.69,119.12,38.07,0.94
ENERGY_008,2025-12-30T04:39:27.516664,Residential,39.943965623738514,-75.1202322944908,62.19,118.09,32.35,0.91
ENERGY_002,2026-01-03T13:39:27.516668,Commercial,39.95696255235114,-75.1195356183768,476.24,116.59,31.52,0.89
ENERGY_000,2025-12-30T18:39:27.516672,Industrial,39.96331253960832,-75.17873810037442,154.54,113.65,20.76,0.85
ENERGY_009,2026-01-04T18:39:27.516677,Commercial,39.92579178992101,-75.14514919036985,64.61,112.6,37.21,0.99
ENERGY_000,2025-12-30T07:39:27.516681,Mixed-Use,39.90617549579377,-75.20109236097544,486.92,123.18,45.18,0.94
ENERGY_008,2026-01-01T19:39:27.516685,Mixed-Use,39.90932866956013,-75.17784016280363,395.63,118.37,21.21,0.91
ENERGY_007,2025-12-30T01:39:27.516689,Residential,39.96833656655081,-75.15468368573711,416.61,120.16,14.14,0.95
ENERGY_003,2026-01-05T06:39:27.516694,Residential,39.91458265737402,-75.14940115562382,298.63,113.6,48.69,1.0
ENERGY_009,2026-01-05T05:39:27.516699,Industrial,39.930134068893096,-75.17155757319524,351.88,115.89,45.37,0.8
ENERGY_011,2025-12-31T07:39:27.516703,Mixed-Use,39.95703646209105,-75.11011858048073,380.55,116.33,13.46,0.91
ENERGY_005,2026-01-03T03:39:27.516708,Mixed-Use,39.94222154946668,-75.18346578210347,305.66,113.39,6.8,0.93
ENERGY_003,2026-01-05T02:39:27.516712,Commercial,39.924773505697054,-75.20174892386545,133.69,121.48,14.45,0.98
ENERGY_010,2026-01-05T14:39:27.516717,Industrial,39.95414725752314,-75.17966483985607,352.27,110.26,13.7,0.95
ENERGY_000,2026-01-04T05:39:27.516721,Commercial,39.968745059756046,-75.11417450327471,210.14,114.03,49.62,0.81
ENERGY_000,2026-01-02T20:39:27.516725,Commercial,39.99268701610872,-75.18867766954274,203.54,114.32,44.57,0.97
ENERGY_008,2025-12-30T11:39:27.516730,Commercial,39.94977098415738,-75.12853373003614,434.33,123.09,23.79,0.87
ENERGY_004,2025-12-30T02:39:27.516735,Residential,39.96232692363536,-75.11543251232607,380.1,118.91,39.77,0.94
ENERGY_001,2026-01-04T22:39:27.516739,Industrial,39.95060449626684,-75.11537074775023,191.15,120.26,7.7,0.9
ENERGY_000,2026-01-01T00:39:27.516743,Mixed-Use,39.951907869296015,-75.18294548035348,266.13,121.55,15.35,0.89
ENERGY_011,2025-12-31T17:39:27.516747,Industrial,39.904190798066296,-75.20696560157701,267.26,113.72,14.0,0.88
ENERGY_005,2026-01-03T17:39:27.516752,Industrial,39.90620802283534,-75.11407509860317,173.88,118.61,11.17,0.99
ENERGY_003,2026-01-05T04:39:27.516756,Residential,39.953090963200665,-75.18234129638627,157.92,117.38,28.38,0.98
ENERGY_009,2026-01-01T20:39:27.516760,Residential,39.98972063935681,-75.13454907957072,196.91,120.25,13.36,0.94
ENERGY_002,2025-12-31T22:39:27.516764,Mixed-Use,39.90866651105494,-75.19439466172115,262.09,112.71,42.51,0.92
ENERGY_005,2025-12-29T20:39:27.516769,Industrial,39.951284887372466,-75.18048860955248,283.5,123.7,32.2,0.94
ENERGY_006,2026-01-04T07:39:27.516773,Mixed-Use,39.97046775212729,-75.19656089222181,46.48,115.1,13.61,0.92
ENERGY_005,2026-01-02T03:39:27.516778,Residential,39.911416399981256,-75.18496130545628,76.49,122.45,13.45,0.98
ENERGY_007,2026-01-04T14:39:27.516783,Commercial,39.93699103576285,-75.19161760796986,161.82,119.99,7.83,0.92
ENERGY_003,2026-01-01T09:39:27.516787,Industrial,39.99971325643556,-75.13982943460292,335.52,115.88,9.25,0.88
ENERGY_000,2026-01-02T19:39:27.516791,Industrial,39.93462619320766,-75.18113720935219,322.9,120.12,44.43,0.81
ENERGY_006,2026-01-02T06:39:27.516795,Residential,39.90104082309761,-75.16599481807414,356.96,110.43,10.02,0.98
ENERGY_010,2026-01-03T00:39:27.516800,Mixed-Use,39.930560535416994,-75.1353624690196,426.41,117.92,43.04,0.99
ENERGY_009,2025-12-31T13:39:27.516804,Industrial,39.90179136382548,-75.12053182345336,142.43,119.77,29.02,0.84
ENERGY_000,2026-01-02T18:39:27.516808,Mixed-Use,39.952928318253356,-75.17496018562326,300.56,119.86,15.37,0.89
ENERGY_010,2025-12-31T12:39:27.516812,Mixed-Use,39.934330740739306,-75.17755766463452,368.03,117.56,15.11,0.89
ENERGY_002,2026-01-02T02:39:27.516817,Commercial,39.97073489081801,-75.14334054404505,447.45,124.22,37.29,0.89
ENERGY_009,2025-12-30T04:39:27.516821,Residential,39.99779423472063,-75.19169399636465,307.07,116.57,25.44,0.97
ENERGY_011,2026-01-04T19:39:27.516825,Residential,39.980296489146696,-75.15758392292408,59.88,110.9,30.8,1.0
ENERGY_007,2026-01-03T13:39:27.516829,Commercial,39.987340941984115,-75.1723969668756,347.85,120.4,7.67,0.87
ENERGY_003,2026-01-01T21:39:27.516834,Residential,39.96311984091961,-75.17971650208277,272.99,123.36,12.43,0.88
ENERGY_000,2025-12-31T15:39:27.516838,Mixed-Use,39.9825675400587,-75.13872324079638,496.23,124.3,30.68,0.88
ENERGY_006,2026-01-04T12:39:27.516843,Industrial,39.991992417495446,-75.20886893300852,134.36,119.06,26.4,0.96
ENERGY_010,2025-12-30T16:39:27.516847,Residential,39.96498290282539,-75.20863715145803,36.08,116.86,35.26,0.82
ENERGY_001,2026-01-02T03:39:27.516851,Commercial,39.943351717449296,-75.1403552405875,48.43,116.97,35.75,0.9
ENERGY_004,2025-12-29T23:39:27.516856,Commercial,39.997974405261225,-75.19916325851075,283.51,112.92,10.87,0.95
ENERGY_004,2026-01-05T09:39:27.516860,Industrial,39.969797228189094,-75.18687342381777,270.9,111.5,42.29,0.98
ENERGY_009,2025-12-31T00:39:27.516864,Commercial,39.98986614863174,-75.17935890673685,352.98,114.22,22.5,0.93
ENERGY_002,2025-12-31T09:39:27.516869,Industrial,39.940126412144274,-75.13630624288481,309.35,121.06,28.93,1.0
ENERGY_011,2026-01-02T20:39:27.516873,Mixed-Use,39.96758530913163,-75.16194991129639,238.38,121.07,9.22,0.96
ENERGY_002,2025-12-30T04:39:27.516878,Mixed-Use,39.94370501061968,-75.17056321847488,46.52,111.09,7.02,0.98
ENERGY_000,2025-12-30T18:39:27.516882,Residential,39.97017675584776,-75.19320926219217,32.17,116.38,5.72,0.91
ENERGY_005,2025-12-31T02:39:27.516887,Residential,39.9170592154146,-75.12695976373153,497.33,118.96,13.09,0.88
ENERGY_011,2026-01-01T04:39:27.516891,Mixed-Use,39.92774090216121,-75.1924789984774,216.46,112.23,45.42,0.93
ENERGY_000,2025-12-31T10:39:27.516896,Commercial,39.983636605129725,-75.18806930309482,179.29,118.32,37.37,0.84
ENERGY_004,2026-01-01T20:39:27.516900,Industrial,39.996200737717366,-75.16175702241216,383.82,113.15,29.64,0.94
ENERGY_003,2026-01-04T03:39:27.516904,Industrial,39.98157055589666,-75.16721572000891,422.75,120.42,7.39,0.84
ENERGY_005,2025-12-29T18:39:27.516909,Residential,39.950932102138,-75.15861863780698,144.71,110.53,49.07,0.96
ENERGY_005,2026-01-02T01:39:27.516913,Industrial,39.98954425631037,-75.12421218998553,257.02,114.72,22.89,0.87
ENERGY_000,2026-01-03T04:39:27.516917,Industrial,39.94266014322498,-75.16047833581008,330.31,115.18,38.55,0.83
ENERGY_005,2026-01-03T21:39:27.516922,Industrial,39.90661218853104,-75.14034169834687,496.97,113.32,18.97,0.92
ENERGY_007,2026-01-05T08:39:27.516927,Mixed-Use,39.93793148472284,-75.1723289501136,210.54,121.3,12.27,0.93
ENERGY_011,2026-01-04T14:39:27.516931,Mixed-Use,39.950421293623165,-75.19700439563593,468.59,117.8,28.53,0.99
ENERGY_010,2026-01-02T01:39:27.516935,Mixed-Use,39.98828193435367,-75.17471616823514,148.41,115.11,11.84,0.97
ENERGY_002,2026-01-02T13:39:27.516940,Commercial,39.97437950979236,-75.2043265862169,306.2,114.54,49.4,0.86
ENERGY_004,2025-12-31T02:39:27.516945,Commercial,39.94472206713699,-75.17322305541028,173.65,113.37,17.72,0.97
ENERGY_001,2025-12-31T08:39:27.516949,Mixed-Use,39.99780544674708,-75.11179340950565,115.98,122.04,9.28,0.93
ENERGY_000,2026-01-01T02:39:27.516954,Mixed-Use,39.9506503681071,-75.19995526044578,226.9,116.64,22.21,0.84
ENERGY_010,2026-01-03T09:39:27.516958,Residential,39.93786314865386,-75.20014356663513,147.27,121.7,7.91,0.88
ENERGY_004,2025-12-30T16:39:27.516962,Mixed-Use,39.96674353341714,-75.13883366696156,31.27,120.35,38.36,0.92
ENERGY_007,2026-01-05T04:39:27.516967,Mixed-Use,39.94201354061719,-75.1960933992868,417.57,110.71,6.53,0.92
ENERGY_001,2026-01-04T06:39:27.516971,Commercial,39.97264482056331,-75.19025972479925,49.26,112.24,47.05,0.81
ENERGY_003,2026-01-03T20:39:27.516975,Residential,39.99513743514005,-75.12300993858288,260.97,121.18,19.94,0.8
ENERGY_001,2026-01-05T05:39:27.516979,Industrial,39.95753763692426,-75.19524999459212,202.48,110.25,48.44,1.0
ENERGY_003,2026-01-02T13:39:27.516984,Industrial,39.98909762900592,-75.17214039529738,350.68,110.26,40.36,0.86
ENERGY_011,2026-01-02T07:39:27.516988,Mixed-Use,39.90465031330431,-75.17392631496463,251.82,120.13,33.82,0.87
ENERGY_011,2026-01-05T06:39:27.516992,Industrial,39.9446273048607,-75.17311275293078,498.01,115.24,47.23,0.82
ENERGY_004,2026-01-04T01:39:27.516996,Industrial,39.91368173023659,-75.15613164564074,263.06,118.37,9.44,0.91
ENERGY_000,2026-01-01T04:39:27.517001,Mixed-Use,39.99131823187347,-75.13215784869134,319.95,114.68,48.94,0.88
ENERGY_008,2026-01-03T19:39:27.517005,Commercial,39.929936971292,-75.14643822274844,407.97,111.48,42.25,0.8
ENERGY_004,2025-12-31T11:39:27.517009,Commercial,39.92164328426715,-75.14611220475295,240.26,120.54,29.93,0.96
ENERGY_001,2026-01-03T10:39:27.517014,Residential,39.96437544523025,-75.17226775228369,16.62,121.47,8.08,0.93
ENERGY_009,2026-01-04T20:39:27.517018,Commercial,39.94860189771718,-75.19065720426663,472.9,121.84,23.7,0.96
ENERGY_000,2026-01-03T08:39:27.517022,Mixed-Use,39.96759343290053,-75.12357476661721,452.21,113.67,42.14,0.82
ENERGY_003,2026-01-02T07:39:27.517026,Industrial,39.96208378783883,-75.13134814188675,43.22,124.46,7.8,0.88
ENERGY_000,2026-01-04T22:39:27.517030,Commercial,39.95510736534593,-75.11691335010553,439.24,119.03,47.92,0.88
ENERGY_004,2026-01-03T12:39:27.517035,Mixed-Use,39.9983028298265,-75.11340934102226,480.08,121.47,36.11,0.93
ENERGY_009,2026-01-03T20:39:27.517039,Mixed-Use,39.97510096855258,-75.16547612411006,465.3,119.56,35.95,0.88
ENERGY_003,2025-12-31T15:39:27.517043,Mixed-Use,39.957794579326766,-75.2049969705767,305.86,123.35,38.63,0.93
ENERGY_001,2025-12-31T18:39:27.517047,Commercial,39.90681915682476,-75.13526952037269,225.41,122.01,35.66,0.97
ENERGY_010,2026-01-04T02:39:27.517051,Commercial,39.99034614858738,-75.18868690725968,250.4,111.97,32.01,0.99
ENERGY_006,2026-01-05T08:39:27.517055,Industrial,39.951300037137,-75.17615848783228,57.01,117.27,41.84,0.93
ENERGY_010,2025-12-31T06:39:27.517058,Residential,39.94647849459954,-75.20338079993338,301.39,121.34,49.38,0.91
ENERGY_010,2025-12-30T04:39:27.517062,Commercial,39.94063383787798,-75.13681506977183,249.34,117.28,45.45,0.83
ENERGY_004,2026-01-02T07:39:27.517066,Industrial,39.94957121376461,-75.20882421155066,145.93,116.63,14.78,0.99
ENERGY_004,2026-01-03T12:39:27.517070,Mixed-Use,39.92726269176251,-75.20038461731338,161.41,116.24,47.23,0.85
ENERGY_007,2026-01-02T01:39:27.517074,Commercial,39.999874372248385,-75.11640371131524,129.98,115.49,18.72,0.9
ENERGY_005,2026-01-01T05:39:27.517078,Residential,39.913153687564765,-75.1209830192608,287.32,124.34,23.4,0.9
ENERGY_006,2026-01-05T11:39:27.517082,Residential,39.938336440686584,-75.17745505353922,70.33,114.21,24.83,0.94
ENERGY_001,2025-12-30T23:39:27.517085,Mixed-Use,39.98942720503001,-75.17213974687971,119.62,123.06,32.16,0.91
ENERGY_007,2026-01-05T08:39:27.517089,Residential,39.93037458715487,-75.20763782615592,31.73,111.97,31.56,0.97
ENERGY_000,2025-12-30T09:39:27.517094,Industrial,39.935798721423495,-75.13905480118953,280.22,117.05,22.09,0.83
ENERGY_009,2025-12-30T14:39:27.517098,Industrial,39.940794803403946,-75.18924846110704,134.4,122.13,21.56,0.88
ENERGY_001,2026-01-02T14:39:27.517102,Residential,39.95976887760009,-75.13136889684317,317.13,121.52,35.31,0.89
ENERGY_000,2026-01-04T06:39:27.517106,Industrial,39.93353215974342,-75.18658669714392,199.64,122.76,30.08,0.82
ENERGY_010,2025-12-30T19:39:27.517110,Industrial,39.91026036964699,-75.1327665354979,66.35,114.85,37.54,0.95
ENERGY_000,2026-01-02T09:39:27.517114,Mixed-Use,39.99561362528231,-75.16760215654446,357.12,123.36,46.08,0.91
ENERGY_009,2026-01-02T10:39:27.517117,Commercial,39.94280684325677,-75.18133656318574,134.43,115.23,26.59,0.88
ENERGY_011,2026-01-03T06:39:27.517121,Residential,39.934365229638374,-75.11788619042375,377.2,120.31,40.5,0.97
ENERGY_001,2025-12-30T10:39:27.517125,Commercial,39.986091254007654,-75.19348963935198,208.88,110.69,35.94,0.96
ENERGY_011,2026-01-04T17:39:27.517129,Residential,39.99800022217217,-75.18784117565959,122.21,110.55,21.29,0.98
ENERGY_000,2025-12-31T12:39:27.517133,Mixed-Use,39.997785395711986,-75.19454835956111,409.11,118.52,13.45,0.87
ENERGY_007,2026-01-03T01:39:27.517137,Industrial,39.97177058833883,-75.16820708875909,423.63,120.51,28.69,0.81
ENERGY_003,2026-01-03T16:39:27.517140,Industrial,39.93267727895392,-75.1402258987843,198.52,112.55,34.23,0.81
ENERGY_007,2025-12-31T23:39:27.517144,Industrial,39.91530489258697,-75.15271595048576,87.38,113.79,31.35,0.95
ENERGY_011,2026-01-03T23:39:27.517148,Mixed-Use,39.99976652988931,-75.16975515610154,341.43,123.66,10.54,0.89
ENERGY_000,2026-01-04T07:39:27.517152,Industrial,39.95137074030948,-75.12542881978464,261.83,120.54,15.97,0.81
ENERGY_000,2025-12-31T02:39:27.517156,Mixed-Use,39.94036840252504,-75.15163257945952,487.55,123.2,42.68,0.92
ENERGY_010,2025-12-31T06:39:27.517160,Commercial,39.97215747519999,-75.1722393322144,36.75,123.18,30.84,0.98
ENERGY_006,2025-12-31T04:39:27.517164,Industrial,39.92279741644275,-75.15471836962973,20.06,110.98,49.54,0.94
ENERGY_000,2026-01-02T08:39:27.517168,Residential,39.99135774978446,-75.17053953768202,146.47,112.59,41.35,0.92
ENERGY_004,2026-01-04T05:39:27.517172,Mixed-Use,39.91507181781399,-75.16627624876106,248.06,116.07,30.72,0.81
ENERGY_005,2025-12-30T15:39:27.517176,Commercial,39.96736589949494,-75.1225192052623,427.29,121.04,29.1,0.88
ENERGY_006,2026-01-05T08:39:27.517179,Industrial,39.92295128574334,-75.20711204753538,421.29,118.79,18.14,0.85
ENERGY_010,2026-01-04T12:39:27.517183,Residential,39.935779342301686,-75.15033410952773,65.44,118.51,49.38,0.92
ENERGY_010,2026-01-02T17:39:27.517187,Residential,39.96372683983041,-75.14051569695569,233.5,122.82,40.76,0.9
ENERGY_011,2025-12-31T21:39:27.517191,Mixed-Use,39.99512844975076,-75.17187943623817,191.02,119.62,33.6,0.99
ENERGY_009,2025-12-31T18:39:27.517195,Residential,39.97967758687288,-75.20320225477077,331.65,122.33,16.31,0.97
ENERGY_004,2025-12-31T10:39:27.517198,Mixed-Use,39.91926321444049,-75.1403730205231,110.94,124.64,14.02,0.89
ENERGY_006,2026-01-04T22:39:27.517202,Commercial,39.99833558327725,-75.13408916754528,149.56,124.62,23.88,0.98
ENERGY_004,2025-12-30T01:39:27.517206,Industrial,39.95612326236135,-75.13784594764513,436.39,121.86,11.89,0.86
ENERGY_011,2026-01-03T18:39:27.517210,Residential,39.93486137175414,-75.13385853050454,357.09,124.15,11.7,0.81
ENERGY_003,2026-01-05T06:39:27.517214,Industrial,39.95758210341292,-75.17093654727273,116.33,121.17,7.24,0.81
ENERGY_003,2025-12-31T11:39:27.517218,Mixed-Use,39.94036335955052,-75.11551228024676,53.61,116.48,40.63,0.89
ENERGY_009,2026-01-03T11:39:27.517221,Industrial,39.93661110510311,-75.1768062662931,212.09,115.96,19.17,0.91
ENERGY_010,2026-01-02T01:39:27.517225,Industrial,39.98856421870029,-75.14031451320362,330.84,115.93,45.15,0.93
ENERGY_008,2026-01-04T06:39:27.517229,Commercial,39.95384479537586,-75.19072565124168,283.88,111.88,41.56,0.98
ENERGY_006,2026-01-03T14:39:27.517233,Industrial,39.957472149562804,-75.13847200282234,283.05,121.18,29.14,0.84
ENERGY_011,2025-12-29T22:39:27.517236,Commercial,39.90357607174503,-75.16636566630633,290.48,115.93,35.26,0.86
ENERGY_003,2026-01-05T13:39:27.517240,Industrial,39.975359238346016,-75.17526843083083,417.31,118.02,48.61,0.94
ENERGY_002,2026-01-01T23:39:27.517244,Mixed-Use,39.95807536891943,-75.14838767393513,254.57,124.89,13.39,0.92
ENERGY_006,2026-01-05T07:39:27.517249,Commercial,39.98750396987447,-75.20128583048258,231.86,122.89,26.6,0.97
ENERGY_000,2026-01-04T09:39:27.517253,Mixed-Use,39.900487525240166,-75.15780770871164,119.89,117.92,49.06,0.95
ENERGY_007,2025-12-31T04:39:27.517256,Commercial,39.9348731696116,-75.11595507689034,38.04,114.51,25.4,0.92
ENERGY_009,2026-01-04T14:39:27.517260,Industrial,39.90799961876373,-75.19533487360476,205.99,121.44,45.54,0.9
ENERGY_010,2025-12-31T06:39:27.517264,Commercial,39.92165869633205,-75.16134247659205,25.97,118.53,24.81,0.98
ENERGY_002,2025-12-30T11:39:27.517268,Mixed-Use,39.9603759775771,-75.17771730404583,168.83,110.8,27.19,0.86
ENERGY_008,2026-01-01T14:39:27.517272,Commercial,39.94254614457431,-75.19602149072955,66.7,110.34,41.8,0.95
ENERGY_007,2026-01-04T11:39:27.517276,Mixed-Use,39.90889676555409,-75.1981896837995,58.15,120.78,34.64,0.93
ENERGY_007,2026-01-01T19:39:27.517280,Mixed-Use,39.97263593092616,-75.20224529294207,483.96,123.89,37.1,0.93
ENERGY_006,2025-12-30T01:39:27.517284,Commercial,39.983305874482916,-75.16210889880865,237.44,116.49,10.99,0.98
ENERGY_007,2025-12-30T00:39:27.517288,Residential,39.95235835695058,-75.18667376223141,232.4,113.88,9.78,0.96
ENERGY_010,2026-01-04T23:39:27.517292,Industrial,39.9254534933355,-75.17097419452666,316.35,116.11,17.25,0.96
ENERGY_006,2026-01-04T22:39:27.517296,Residential,39.92321397316242,-75.12604808528171,439.29,124.89,31.79,1.0
ENERGY_011,2026-01-02T13:39:27.517300,Mixed-Use,39.99583314723169,-75.1914587578202,424.52,111.27,27.84,0.89
ENERGY_006,2026-01-03T04:39:27.517304,Residential,39.9345542466001,-75.121215806261,340.72,115.2,38.8,0.97
ENERGY_002,2026-01-05T04:39:27.517307,Industrial,39.959253919281316,-75.11604629270244,62.52,122.63,18.95,0.95
ENERGY_000,2025-12-30T18:39:27.517311,Residential,39.90859955201642,-75.11189077128822,163.35,122.37,48.74,0.82
ENERGY_000,2025-12-30T15:39:27.517316,Commercial,39.91049951569317,-75.19569883103928,412.85,118.49,42.59,0.94
ENERGY_003,2026-01-02T22:39:27.517319,Mixed-Use,39.920920790649724,-75.11070520098752,61.51,113.94,48.25,0.86
ENERGY_005,2026-01-01T20:39:27.517323,Residential,39.97409589389124,-75.12959940021796,56.85,121.7,10.62,0.93
ENERGY_006,2026-01-04T19:39:27.517327,Commercial,39.93019481244514,-75.1720856063984,167.16,122.98,5.24,0.91
ENERGY_011,2026-01-01T06:39:27.517331,Residential,39.9806136554883,-75.11847618673129,26.45,124.57,49.62,0.91
ENERGY_000,2025-12-30T05:39:27.517335,Industrial,39.96985160411418,-75.16158383757565,161.1,124.14,29.4,0.86
ENERGY_000,2026-01-01T21:39:27.517339,Industrial,39.91083516131537,-75.13278871383224,32.29,115.54,23.34,0.84
ENERGY_001,2026-01-01T10:39:27.517343,Mixed-Use,39.989500990001495,-75.14263386417237,83.81,115.16,18.14,0.9
ENERGY_000,2025-12-30T08:39:27.517347,Residential,39.91460599546401,-75.18378700279311,347.87,111.17,20.69,0.87
ENERGY_009,2025-12-30T18:39:27.517351,Industrial,39.90465972691135,-75.18149655615949,38.8,123.04,15.51,0.89
ENERGY_010,2026-01-01T01:39:27.517355,Commercial,39.970173097741686,-75.11871515355102,29.87,113.43,39.3,0.83
ENERGY_011,2026-01-02T17:39:27.517359,Residential,39.946271710075116,-75.14306139724742,484.51,124.22,46.37,0.82
ENERGY_010,2025-12-31T01:39:27.517363,Mixed-Use,39.95840262704524,-75.18806459870568,239.18,119.15,30.53,0.87
ENERGY_006,2026-01-02T02:39:27.517367,Mixed-Use,39.93739968472804,-75.1877700845607,348.64,124.28,13.59,0.85
ENERGY_000,2026-01-04T04:39:27.517370,Industrial,39.9389060909751,-75.18423574429035,223.68,113.06,6.47,0.9
ENERGY_002,2026-01-03T16:39:27.517374,Commercial,39.94431021091261,-75.15548536181299,57.16,119.64,9.23,0.94
ENERGY_004,2026-01-03T22:39:27.517378,Residential,39.95444741855071,-75.18278767113833,484.23,122.37,39.71,0.93
ENERGY_010,2026-01-01T14:39:27.517382,Mixed-Use,39.983065155621105,-75.13981431112485,488.94,119.71,19.94,0.86
ENERGY_010,2025-12-30T22:39:27.517386,Industrial,39.98829599459028,-75.1358998311614,241.79,123.98,6.71,0.97
ENERGY_004,2026-01-04T11:39:27.517390,Commercial,39.985934167150596,-75.19099485943218,406.37,110.96,43.81,0.89
ENERGY_011,2026-01-05T03:39:27.517394,Industrial,39.93657756368238,-75.20543712461107,374.55,111.73,24.63,0.89
ENERGY_004,2025-12-30T08:39:27.517398,Commercial,39.98718898102575,-75.18884028925737,111.28,112.28,29.67,0.87
ENERGY_007,2026-01-03T20:39:27.517402,Residential,39.9902131655674,-75.18032953673962,379.77,122.24,13.04,0.82
ENERGY_009,2026-01-03T12:39:27.517406,Industrial,39.940462357952356,-75.17756675159666,344.79,123.09,30.98,0.89
ENERGY_005,2026-01-03T17:39:27.517410,Commercial,39.94284466559053,-75.15995757896559,90.22,116.4,10.98,0.84
ENERGY_006,2025-12-30T04:39:27.517414,Commercial,39.91938165127383,-75.18726082105741,486.87,116.17,22.44,0.94
ENERGY_009,2025-12-30T13:39:27.517418,Residential,39.96458119772021,-75.20595258227053,209.49,119.73,7.85,0.82
ENERGY_009,2026-01-03T07:39:27.517422,Industrial,39.94066903886483,-75.1526875477187,14.34,114.91,35.34,0.97
ENERGY_008,2025-12-30T15:39:27.517426,Industrial,39.963233050238706,-75.12163297167567,225.25,120.99,17.32,0.86
ENERGY_007,2026-01-02T17:39:27.517430,Residential,39.96626670329864,-75.19478966367623,290.52,110.92,7.26,0.95
ENERGY_011,2025-12-30T00:39:27.517434,Commercial,39.92609012160782,-75.17773836100906,319.58,124.62,28.34,0.91
ENERGY_001,2026-01-03T05:39:27.517438,Commercial,39.94990828335885,-75.14600883601447,347.66,119.89,31.25,0.96
ENERGY_011,2026-01-01T18:39:27.517442,Commercial,39.96237729816183,-75.19670731631832,419.25,120.76,18.34,0.84
ENERGY_008,2026-01-03T02:39:27.517445,Residential,39.944524289710046,-75.19698780061236,281.91,119.21,7.35,0.98
ENERGY_002,2025-12-31T21:39:27.517449,Commercial,39.903836940296664,-75.1316224744752,206.73,117.5,7.92,0.98
ENERGY_011,2026-01-05T14:39:27.517453,Industrial,39.90004872850222,-75.1841554264407,229.0,111.08,39.11,1.0
ENERGY_003,2026-01-03T09:39:27.517457,Residential,39.920780381155545,-75.15340593115617,228.03,111.43,17.3,0.81
ENERGY_001,2026-01-03T21:39:27.517461,Industrial,39.901963850634395,-75.12090047845712,343.36,121.13,25.41,0.84
ENERGY_010,2026-01-02T05:39:27.517465,Mixed-Use,39.931340793637155,-75.12553030085847,191.98,110.88,26.98,0.97
ENERGY_011,2025-12-29T21:39:27.517469,Commercial,39.9638578109171,-75.1727166003273,14.08,114.05,47.45,0.91
ENERGY_011,2025-12-30T19:39:27.517473,Mixed-Use,39.93782053327192,-75.14112785109616,129.79,119.35,27.14,0.84
ENERGY_005,2025-12-31T23:39:27.517477,Mixed-Use,39.90627413391203,-75.11100234143944,212.84,112.6,19.6,0.89
ENERGY_005,2026-01-02T13:39:27.517481,Industrial,39.98731451648448,-75.1176587363753,472.46,124.2,29.68,0.94
ENERGY_010,2025-12-30T06:39:27.517485,Residential,39.97601308100174,-75.18444385462742,328.34,114.53,8.15,0.8
ENERGY_008,2026-01-05T07:39:27.517489,Mixed-Use,39.95004828932611,-75.18683560562884,89.74,113.35,6.04,1.0
ENERGY_001,2026-01-02T14:39:27.517493,Commercial,39.99756826668725,-75.17993854566967,24.76,123.51,42.1,0.88
ENERGY_001,2026-01-03T02:39:27.517497,Mixed-Use,39.91222028020342,-75.14037755369436,246.04,111.13,16.46,0.9
ENERGY_000,2025-12-30T03:39:27.517501,Industrial,39.96239637964371,-75.13663423919512,174.32,123.44,38.14,0.95
ENERGY_003,2026-01-04T21:39:27.517504,Commercial,39.99258459360452,-75.12043779726623,122.55,115.85,13.14,0.83
ENERGY_003,2026-01-01T09:39:27.517508,Commercial,39.93495412187282,-75.16690288321159,210.53,113.6,5.15,0.95
ENERGY_005,2025-12-31T09:39:27.517512,Industrial,39.98926732820691,-75.1585084431265,242.56,112.78,45.93,0.86
ENERGY_005,2026-01-03T21:39:27.517516,Mixed-Use,39.983959206058586,-75.15225185121035,365.89,121.03,49.59,0.82
ENERGY_003,2026-01-02T07:39:27.517520,Commercial,39.944501648156404,-75.16737540406582,194.38,116.94,21.39,0.95
ENERGY_008,2025-12-31T06:39:27.517523,Industrial,39.91307183311644,-75.17790064599427,313.47,121.49,25.64,0.82
ENERGY_005,2026-01-04T13:39:27.517527,Residential,39.943860675977184,-75.20724117023327,95.37,117.28,27.92,0.86
ENERGY_002,2025-12-30T08:39:27.517531,Commercial,39.99985242780409,-75.1839184114212,492.79,117.19,13.84,0.95
ENERGY_009,2026-01-02T13:39:27.517535,Residential,39.973600983815665,-75.12748728249402,411.77,117.94,20.41,0.84
ENERGY_011,2025-12-31T12:39:27.517539,Residential,39.922836011661346,-75.20363634315443,431.98,112.2,25.63,0.81
ENERGY_004,2025-12-31T03:39:27.517543,Industrial,39.94859854468699,-75.16474609779961,383.75,111.85,38.11,0.98
ENERGY_003,2026-01-04T00:39:27.517547,Residential,39.96221766127917,-75.12034868289179,48.36,110.74,33.46,0.94
ENERGY_004,2025-12-30T22:39:27.517551,Mixed-Use,39.99513200908402,-75.15214459302088,480.81,111.11,32.04,0.89
ENERGY_002,2026-01-05T05:39:27.517555,Mixed-Use,39.98280904890051,-75.17217389045663,44.74,117.36,15.42,0.87
ENERGY_004,2026-01-03T23:39:27.517559,Industrial,39.92157458158805,-75.16387236254735,177.36,120.38,9.23,0.97
ENERGY_009,2025-12-31T15:39:27.517563,Industrial,39.96237614942041,-75.20283407452513,496.79,114.84,10.75,1.0
ENERGY_003,2025-12-31T11:39:27.517567,Mixed-Use,39.92083548037945,-75.17704599828276,436.65,111.46,25.29,0.93
ENERGY_006,2025-12-30T18:39:27.517571,Mixed-Use,39.92990204499289,-75.15081805659598,383.49,119.75,41.7,0.98
ENERGY_000,2026-01-05T00:39:27.517575,Residential,39.95525688204535,-75.1327458597714,179.78,112.26,26.38,0.94
ENERGY_005,2026-01-02T21:39:27.517579,Industrial,39.90924690623238,-75.16361270779541,262.37,112.65,12.24,0.84
ENERGY_009,2026-01-01T07:39:27.517583,Residential,39.9223345175127,-75.11669382714378,69.07,119.67,8.03,0.86
ENERGY_009,2026-01-04T22:39:27.517587,Industrial,39.96470169440572,-75.14483445243697,92.73,116.38,37.29,0.94
ENERGY_004,2026-01-03T04:39:27.517591,Mixed-Use,39.905752688583604,-75.18458885252032,410.67,119.41,40.38,0.83
ENERGY_000,2026-01-04T01:39:27.517594,Residential,39.928913816285444,-75.12227647525856,326.15,122.32,42.04,0.91
ENERGY_010,2026-01-03T03:39:27.517599,Mixed-Use,39.93481926726202,-75.13039058771372,448.44,122.11,27.06,0.93
ENERGY_010,2025-12-30T00:39:27.517603,Residential,39.9765425001638,-75.18846955007726,270.66,122.34,13.48,0.85
ENERGY_007,2026-01-03T09:39:27.517607,Commercial,39.945265793507794,-75.18574310596304,319.79,120.15,49.23,0.81
ENERGY_005,2025-12-30T17:39:27.517610,Residential,39.95916428307597,-75.12644859825507,262.45,116.1,20.87,0.96
ENERGY_002,2026-01-04T21:39:27.517614,Residential,39.99607337234907,-75.12418197818768,269.9,116.85,30.97,0.91
ENERGY_003,2026-01-03T02:39:27.517618,Mixed-Use,39.98440332452184,-75.13026973544258,432.85,122.98,6.19,0.85
ENERGY_003,2026-01-01T16:39:27.517622,Commercial,39.945380032223845,-75.1619633735195,143.83,112.94,46.71,0.88
ENERGY_007,2026-01-05T08:39:27.517626,Commercial,39.98852926165843,-75.14167678022616,288.5,116.94,26.16,0.95
ENERGY_006,2026-01-02T17:39:27.517630,Mixed-Use,39.91659155294726,-75.18738705133,416.24,117.55,45.24,0.86
ENERGY_004,2025-12-31T11:39:27.517634,Mixed-Use,39.90563319651927,-75.1256837580638,337.32,123.84,37.97,0.84
ENERGY_009,2025-12-31T17:39:27.517638,Commercial,39.993683366239786,-75.16488626665057,291.41,110.02,21.33,0.85
ENERGY_005,2025-12-29T18:39:27.517642,Residential,39.952054981343714,-75.1693240030727,159.82,111.73,15.94,0.84
ENERGY_003,2025-12-30T00:39:27.517646,Industrial,39.90277749588644,-75.13631020388503,404.87,113.45,40.39,0.91
ENERGY_003,2026-01-02T07:39:27.517650,Mixed-Use,39.995505999136356,-75.14397609328627,274.91,123.14,43.18,0.9
ENERGY_001,2026-01-02T02:39:27.517654,Mixed-Use,39.95629143134327,-75.1223499438029,135.8,116.72,34.92,0.98
ENERGY_008,2025-12-30T07:39:27.517658,Mixed-Use,39.98197571300272,-75.19068216242873,192.06,110.29,22.39,0.82
ENERGY_000,2025-12-30T06:39:27.517662,Mixed-Use,39.97421585307512,-75.1540103985043,258.67,115.05,33.39,0.93
ENERGY_006,2025-12-30T21:39:27.517666,Residential,39.95385018540009,-75.17965383645955,402.17,115.76,12.21,0.82
ENERGY_010,2026-01-01T21:39:27.517670,Residential,39.91350160746152,-75.1452954893147,205.05,113.84,28.86,0.83
ENERGY_008,2026-01-03T16:39:27.517673,Industrial,39.93514635355281,-75.12178302191779,415.26,112.21,29.42,0.94
ENERGY_001,2026-01-03T07:39:27.517677,Industrial,39.979324750940236,-75.15824204434253,80.59,116.12,12.55,0.95
ENERGY_005,2026-01-04T19:39:27.517681,Residential,39.96826910186727,-75.19983732020059,57.73,116.96,6.92,0.99
ENERGY_000,2026-01-05T04:39:27.517686,Commercial,39.9925659726282,-75.17957305136638,183.52,115.3,27.18,0.94
ENERGY_005,2025-12-31T05:39:27.517690,Commercial,39.90868866639968,-75.11954152036614,267.82,113.21,19.89,0.88
ENERGY_008,2025-12-30T14:39:27.517694,Mixed-Use,39.97561436116255,-75.1453709145819,482.91,117.92,27.68,0.86
ENERGY_010,2025-12-29T22:39:27.517698,Commercial,39.97980686097141,-75.15276274597939,159.67,117.9,30.02,0.88
ENERGY_006,2026-01-03T12:39:27.517702,Mixed-Use,39.97913395133266,-75.16316293547807,399.81,118.12,34.04,0.94
ENERGY_004,2025-12-31T04:39:27.517706,Residential,39.92375588457468,-75.1852934454216,381.27,115.34,45.61,0.9
ENERGY_001,2026-01-05T10:39:27.517710,Mixed-Use,39.900204013821174,-75.20484435803895,158.34,119.4,29.74,0.81
ENERGY_004,2026-01-05T10:39:27.517714,Commercial,39.91333361373643,-75.12543925969405,217.43,115.5,39.33,0.97
ENERGY_003,2026-01-03T14:39:27.517718,Mixed-Use,39.91959036710016,-75.1611048352598,337.97,122.62,40.35,0.87
ENERGY_005,2026-01-02T16:39:27.517722,Residential,39.97558642121167,-75.16764308769483,148.64,123.89,14.14,0.96
ENERGY_009,2026-01-03T04:39:27.517726,Mixed-Use,39.981411785627444,-75.20487265266074,367.29,114.31,29.31,0.96
ENERGY_004,2025-12-30T16:39:27.517730,Mixed-Use,39.99724298200233,-75.16226908591842,338.73,110.26,10.86,0.83
ENERGY_001,2025-12-31T21:39:27.517734,Residential,39.91691187419114,-75.18290705359567,289.53,120.19,10.93,0.89
ENERGY_011,2026-01-05T01:39:27.517737,Commercial,39.91123094356528,-75.13715637601126,161.1,122.46,16.21,0.99
ENERGY_006,2026-01-03T07:39:27.517741,Residential,39.93622091097651,-75.11627742097373,67.06,120.22,25.14,0.89
ENERGY_008,2026-01-02T07:39:27.517745,Industrial,39.96341766858475,-75.18254130932493,134.31,121.45,38.74,0.97
ENERGY_003,2025-12-29T21:39:27.517749,Commercial,39.947645649014355,-75.1380273864338,395.68,122.48,7.82,0.91
ENERGY_002,2026-01-05T14:39:27.517753,Mixed-Use,39.99279286999465,-75.1413733955267,337.59,116.89,13.52,0.93
ENERGY_000,2026-01-03T11:39:27.517757,Residential,39.987063960567156,-75.16657920007434,266.44,115.13,5.9,0.98
ENERGY_002,2025-12-31T22:39:27.517761,Industrial,39.96031980922932,-75.14391335778727,226.81,111.87,39.38,0.97
ENERGY_011,2026-01-02T10:39:27.517765,Residential,39.98286961740015,-75.20518419270886,49.49,120.68,35.51,0.94
ENERGY_000,2026-01-05T01:39:27.517769,Industrial,39.91298561478154,-75.13727290079727,356.56,121.97,15.48,0.98
ENERGY_007,2026-01-03T12:39:27.517773,Commercial,39.90000882260361,-75.1756479498625,207.68,116.69,9.15,0.9
ENERGY_010,2025-12-31T10:39:27.517778,Industrial,39.90974325847154,-75.1781876832046,42.38,110.04,44.06,0.9
ENERGY_002,2026-01-03T16:39:27.517782,Residential,39.9821596022404,-75.20654576177415,85.22,120.7,10.56,0.85
ENERGY_008,2026-01-05T08:39:27.517785,Residential,39.949439508210105,-75.20571478369399,193.2,118.31,46.32,0.9
ENERGY_006,2025-12-30T05:39:27.517789,Residential,39.92973335750385,-75.15210455164505,54.71,110.62,12.74,0.97
ENERGY_001,2026-01-05T00:39:27.517793,Residential,39.9595201301043,-75.16880098626633,272.31,122.64,20.0,0.94
ENERGY_004,2026-01-04T22:39:27.517797,Residential,39.92334385177453,-75.19942937491473,227.63,118.57,15.56,0.81
ENERGY_007,2026-01-02T04:39:27.517801,Commercial,39.98963948478532,-75.19507276600154,305.44,117.83,31.03,0.91
ENERGY_004,2026-01-03T05:39:27.517805,Industrial,39.94904708119694,-75.15232508267859,448.37,111.38,38.82,0.83
ENERGY_009,2026-01-04T00:39:27.517809,Mixed-Use,39.93305799744996,-75.16088460292221,439.93,123.78,49.38,0.92
ENERGY_010,2026-01-01T20:39:27.517813,Residential,39.94305963567531,-75.20203886055839,310.29,112.18,5.43,0.81
ENERGY_009,2026-01-04T15:39:27.517817,Commercial,39.959172005918425,-75.2052988961354,249.03,117.83,31.3,0.86
ENERGY_006,2025-12-31T02:39:27.517820,Commercial,39.94916158509469,-75.17848694798036,469.37,121.73,47.13,0.88
ENERGY_008,2025-12-31T17:39:27.517825,Commercial,39.95233482174741,-75.1468884714977,368.17,110.79,17.84,0.98
ENERGY_006,2025-12-30T00:39:27.517829,Residential,39.9050331855138,-75.15738584421706,204.98,123.31,41.43,0.91
ENERGY_006,2026-01-03T16:39:27.517833,Industrial,39.935733529850765,-75.14013707012587,468.44,111.07,47.44,0.98
ENERGY_004,2025-12-30T20:39:27.517837,Mixed-Use,39.988123859654706,-75.17498841732605,438.48,123.94,41.15,0.94
ENERGY_011,2026-01-05T10:39:27.517841,Residential,39.97191145494965,-75.11211743428186,491.44,116.63,16.49,0.97
ENERGY_002,2026-01-01T02:39:27.517845,Mixed-Use,39.931592674705826,-75.18986895307093,37.98,119.46,7.84,0.93
ENERGY_000,2026-01-04T13:39:27.517849,Industrial,39.989332610685615,-75.17528444194,175.3,124.22,22.22,0.99
ENERGY_002,2026-01-01T20:39:27.517853,Commercial,39.93556062724689,-75.1842748783123,145.22,119.67,41.43,0.99
ENERGY_007,2026-01-04T05:39:27.517857,Industrial,39.953263888240464,-75.12655725997637,35.78,123.89,24.26,0.99
ENERGY_010,2026-01-02T09:39:27.517861,Mixed-Use,39.93198334377152,-75.14445190159744,355.55,124.74,38.3,0.94
ENERGY_001,2026-01-05T11:39:27.517865,Mixed-Use,39.91068019209734,-75.11769745829781,482.44,118.85,32.79,0.97
ENERGY_005,2026-01-03T02:39:27.517869,Commercial,39.98333871096775,-75.18163379707109,55.54,119.23,33.64,0.93
ENERGY_004,2025-12-29T21:39:27.517873,Residential,39.95242438568207,-75.20676407462379,115.51,115.25,33.4,0.93
ENERGY_011,2026-01-04T04:39:27.517877,Industrial,39.947728499482636,-75.1504030985388,466.98,115.7,23.42,0.91
ENERGY_001,2025-12-31T23:39:27.517881,Residential,39.93308424067472,-75.17934839787844,135.2,118.9,23.03,1.0
ENERGY_009,2025-12-31T16:39:27.517885,Residential,39.94819110420316,-75.11237238363753,228.76,111.57,5.0,0.81
ENERGY_002,2025-12-31T11:39:27.517889,Mixed-Use,39.97552823894605,-75.18834322528187,479.68,123.78,28.8,0.84
ENERGY_011,2025-12-31T00:39:27.517893,Commercial,39.97304276744429,-75.1123582127511,40.56,123.7,41.07,0.88
ENERGY_005,2026-01-01T02:39:27.517898,Commercial,39.94816805471357,-75.14398208184285,405.15,114.19,49.21,0.81
ENERGY_009,2026-01-03T12:39:27.517903,Commercial,39.95541561950911,-75.19374257000041,61.2,122.21,48.29,0.99
ENERGY_003,2026-01-01T04:39:27.517907,Mixed-Use,39.97012124943123,-75.20270806131855,484.17,122.08,8.49,0.99
ENERGY_011,2026-01-04T01:39:27.517911,Residential,39.98753679154469,-75.12849692054341,384.7,120.89,36.95,0.94
ENERGY_004,2026-01-04T18:39:27.517915,Mixed-Use,39.91047814698672,-75.19564656542899,108.49,118.63,47.99,0.99
ENERGY_003,2026-01-01T02:39:27.517919,Mixed-Use,39.90419330751061,-75.11912968686771,82.73,114.05,45.52,0.99
ENERGY_002,2026-01-03T11:39:27.517923,Mixed-Use,39.945853468366174,-75.12721374279023,61.59,113.08,22.0,0.99
ENERGY_008,2026-01-04T19:39:27.517927,Commercial,39.907225802782996,-75.1429390733782,267.8,120.78,14.19,0.91
ENERGY_002,2025-12-31T01:39:27.517931,Residential,39.99375469339975,-75.18963113695608,38.95,116.85,11.95,0.95
ENERGY_007,2026-01-03T09:39:27.517935,Commercial,39.943650682239316,-75.1340266865063,167.67,120.95,27.65,0.94
ENERGY_004,2025-12-31T06:39:27.517939,Industrial,39.98849740465063,-75.15474987706087,435.59,121.16,34.95,0.81
ENERGY_009,2026-01-01T22:39:27.517943,Commercial,39.97344715495805,-75.16128818794199,356.28,115.85,36.21,0.88
ENERGY_001,2025-12-30T21:39:27.517947,Residential,39.90153887846343,-75.1538105883989,317.16,122.52,24.76,0.98
ENERGY_007,2026-01-01T11:39:27.517951,Commercial,39.93995128575237,-75.11565182418252,127.37,110.33,23.9,0.96
ENERGY_009,2026-01-05T05:39:27.517955,Commercial,39.94215702190451,-75.12436172644458,320.82,117.35,13.19,0.92
ENERGY_004,2026-01-01T19:39:27.517959,Mixed-Use,39.98204038219972,-75.16496044336274,52.7,115.78,38.66,0.98
ENERGY_005,2026-01-04T17:39:27.517963,Commercial,39.905555669730774,-75.11913128789891,467.63,113.21,44.78,0.87
ENERGY_010,2025-12-29T19:39:27.517966,Residential,39.96865940674111,-75.11556134164269,57.29,112.16,20.88,0.86
ENERGY_002,2026-01-01T15:39:27.517970,Mixed-Use,39.93794084832237,-75.16975080554477,80.25,113.69,31.57,0.81
ENERGY_007,2026-01-01T14:39:27.517974,Industrial,39.99683198953333,-75.16245276901094,157.27,111.27,33.75,0.85
ENERGY_005,2026-01-02T18:39:27.517979,Mixed-Use,39.98289581802717,-75.157884945295,345.15,115.5,38.63,0.93
ENERGY_009,2026-01-02T03:39:27.517983,Residential,39.90688939309429,-75.193014242681,206.63,124.08,25.75,0.96
ENERGY_002,2026-01-05T06:39:27.517987,Industrial,39.987460046111565,-75.11818881839511,12.07,114.96,22.78,0.91
ENERGY_001,2026-01-05T16:39:27.517991,Commercial,39.90023244941222,-75.13793093177479,349.96,120.34,35.99,0.86
ENERGY_005,2025-12-29T22:39:27.517995,Industrial,39.93949563913562,-75.19011038375793,313.07,117.29,43.51,0.96
ENERGY_007,2025-12-31T05:39:27.517999,Residential,39.99558332130474,-75.13814975362801,69.45,111.2,30.73,0.85
ENERGY_003,2026-01-01T00:39:27.518003,Mixed-Use,39.94624872205658,-75.14913305515859,240.9,114.01,38.6,0.85
ENERGY_000,2025-12-30T10:39:27.518007,Industrial,39.91918834692975,-75.18642848157687,108.15,120.52,29.51,0.92
ENERGY_011,2026-01-01T07:39:27.518011,Residential,39.91125993464871,-75.19934211546342,249.6,121.84,45.42,0.97
ENERGY_007,2026-01-03T20:39:27.518015,Industrial,39.98541584740789,-75.18454506985915,87.86,116.08,20.65,0.87
ENERGY_011,2026-01-04T13:39:27.518019,Residential,39.98551894890857,-75.15996717934651,400.91,118.89,28.15,0.96
ENERGY_009,2026-01-02T06:39:27.518023,Industrial,39.931814743888644,-75.16452068127546,276.7,119.42,25.57,0.93
ENERGY_005,2026-01-02T21:39:27.518027,Commercial,39.971155900378605,-75.14373349012988,416.1,118.11,40.06,0.97
ENERGY_009,2026-01-03T10:39:27.518031,Residential,39.97069602022081,-75.16960735189652,203.32,117.82,29.63,1.0
ENERGY_011,2026-01-01T12:39:27.518035,Mixed-Use,39.96635949449883,-75.15123164835282,68.12,114.34,36.0,0.81
ENERGY_002,2026-01-03T16:39:27.518039,Mixed-Use,39.942857064346654,-75.19075309767892,126.33,118.45,13.87,0.92
ENERGY_002,2025-12-30T04:39:27.518043,Residential,39.960809113525855,-75.19617866393365,421.98,115.67,34.05,0.93
ENERGY_004,2026-01-04T07:39:27.518047,Industrial,39.965534288774556,-75.15879493320475,410.05,110.08,37.03,0.87
ENERGY_002,2026-01-02T09:39:27.518051,Industrial,39.92587833176387,-75.19091759815603,311.67,113.09,6.53,0.8
ENERGY_008,2026-01-05T02:39:27.518055,Industrial,39.917898118837,-75.19579936008013,204.8,116.56,31.43,0.97
ENERGY_011,2025-12-30T12:39:27.518059,Industrial,39.99667993330498,-75.12812040731713,95.3,113.72,24.15,0.91
ENERGY_011,2026-01-03T14:39:27.518063,Mixed-Use,39.975781048811896,-75.1958198395225,445.91,114.32,23.73,0.86
ENERGY_001,2026-01-05T04:39:27.518067,Commercial,39.9026111600019,-75.17319329889801,148.51,114.0,32.77,0.9
ENERGY_010,2025-12-31T08:39:27.518071,Mixed-Use,39.91707347710676,-75.11908183126164,316.16,122.95,29.56,0.94
ENERGY_003,2025-12-29T17:39:27.518075,Commercial,39.90834677201716,-75.18413051299683,95.66,110.76,29.15,0.96
ENERGY_004,2026-01-02T18:39:27.518079,Mixed-Use,39.950485799785206,-75.17491503924283,301.86,115.95,20.96,0.93
ENERGY_006,2026-01-01T06:39:27.518083,Commercial,39.989378775762994,-75.15006255319204,392.35,117.13,20.53,0.97
ENERGY_008,2026-01-05T03:39:27.518087,Commercial,39.98239176996691,-75.16151062720421,446.71,112.75,9.41,0.89
ENERGY_004,2026-01-04T07:39:27.518091,Industrial,39.9063560050139,-75.13700985172412,266.59,123.39,34.9,0.92
ENERGY_006,2026-01-02T01:39:27.518095,Commercial,39.90234799345201,-75.17936348397755,310.95,122.24,34.43,0.85
ENERGY_006,2026-01-03T11:39:27.518099,Commercial,39.986738179606455,-75.11060014723559,189.9,123.6,44.54,0.95
ENERGY_008,2026-01-04T15:39:27.518103,Commercial,39.97336300267904,-75.19709648788817,233.24,122.97,9.05,0.85
ENERGY_003,2025-12-30T21:39:27.518107,Commercial,39.917488579410154,-75.16303293131216,330.81,113.42,22.81,0.81
ENERGY_004,2025-12-29T17:39:27.518111,Commercial,39.95409262555543,-75.1828251966236,220.23,117.19,34.61,0.86
ENERGY_001,2026-01-03T08:39:27.518115,Industrial,39.922298038022866,-75.1798232496744,433.5,114.25,38.66,0.92
ENERGY_005,2025-12-31T19:39:27.518119,Residential,39.95015876560608,-75.13589190535623,182.49,113.78,11.97,0.85
ENERGY_002,2026-01-03T02:39:27.518123,Mixed-Use,39.97598423181202,-75.1829485122495,183.03,115.29,15.27,0.88
ENERGY_006,2026-01-02T20:39:27.518127,Mixed-Use,39.923445137921114,-75.2071507833398,123.37,114.98,43.22,0.83
ENERGY_009,2026-01-01T11:39:27.518131,Mixed-Use,39.918773867162635,-75.18722043483645,421.54,110.81,46.86,0.83
ENERGY_001,2025-12-30T04:39:27.518135,Commercial,39.9613413620819,-75.1599713889632,212.43,118.42,42.26,0.99
ENERGY_002,2025-12-30T20:39:27.518138,Industrial,39.91240571577486,-75.12309598436502,72.12,113.12,47.4,0.95
ENERGY_008,2026-01-02T15:39:27.518142,Commercial,39.94820116264724,-75.17594591049472,253.23,110.42,36.43,0.99
ENERGY_008,2025-12-31T23:39:27.518146,Mixed-Use,39.981936569478606,-75.16243380321636,427.42,124.12,35.15,0.91
ENERGY_005,2025-12-29T18:39:27.518150,Commercial,39.968110083562,-75.1330238616708,133.07,118.52,18.24,0.88
ENERGY_003,2026-01-03T09:39:27.518154,Commercial,39.9007207756114,-75.18261724370035,123.85,112.15,29.4,0.96
ENERGY_009,2026-01-03T12:39:27.518158,Commercial,39.94444204618274,-75.15031146066008,27.74,121.59,19.91,0.93
ENERGY_009,2026-01-01T12:39:27.518162,Residential,39.92282973123899,-75.11929097330976,105.36,123.81,42.34,0.9
ENERGY_005,2026-01-05T15:39:27.518166,Industrial,39.99259691225002,-75.18798387252586,96.77,119.51,25.22,0.87
ENERGY_011,2026-01-01T11:39:27.518169,Commercial,39.98946971035471,-75.17219145832016,207.17,117.28,29.22,0.91
ENERGY_009,2026-01-01T18:39:27.518173,Industrial,39.94128593784407,-75.15928108394696,54.68,115.71,36.86,0.92
ENERGY_003,2025-12-30T17:39:27.518177,Commercial,39.921704900319554,-75.11227922212757,400.25,112.68,36.18,0.88
ENERGY_005,2025-12-30T07:39:27.518181,Residential,39.92669639782727,-75.15541177428902,19.36,112.14,12.22,0.95
ENERGY_001,2026-01-05T06:39:27.518185,Commercial,39.901418755225244,-75.1780708454437,434.47,115.5,32.77,0.81
ENERGY_006,2026-01-03T01:39:27.518189,Commercial,39.99969304127862,-75.1388128123582,309.3,112.1,16.65,0.96
ENERGY_011,2025-12-31T11:39:27.518193,Residential,39.949007604534486,-75.11437296890914,184.75,115.54,30.62,0.9
ENERGY_005,2026-01-01T02:39:27.518197,Residential,39.94083068009747,-75.12419075439449,30.09,112.46,31.94,0.85
ENERGY_011,2025-12-30T19:39:27.518201,Residential,39.976019217535146,-75.11311506685082,332.48,121.24,31.06,0.89
ENERGY_002,2026-01-01T08:39:27.518205,Industrial,39.96968369812621,-75.16701268018343,345.64,119.35,17.35,0.87
ENERGY_004,2025-12-30T11:39:27.518208,Residential,39.906988679149464,-75.12507657938006,370.91,117.42,48.12,0.96
ENERGY_000,2026-01-01T10:39:27.518212,Residential,39.91669935108334,-75.20535181117575,298.87,116.46,30.4,0.87
ENERGY_007,2026-01-01T03:39:27.518216,Industrial,39.9166114304933,-75.14326907871049,17.33,123.6,6.05,0.98
ENERGY_004,2026-01-02T22:39:27.518220,Commercial,39.90152849692384,-75.15210556490615,289.94,118.75,36.16,0.85
ENERGY_002,2026-01-02T21:39:27.518224,Industrial,39.99376012614531,-75.19847688673724,72.31,110.55,42.42,0.87
ENERGY_005,2026-01-01T12:39:27.518228,Mixed-Use,39.97022561583942,-75.15791363667611,202.32,116.73,12.42,0.88
ENERGY_011,2026-01-04T17:39:27.518232,Residential,39.97461799725608,-75.16375470505487,391.32,113.0,40.15,0.91
ENERGY_001,2025-12-31T01:39:27.518236,Residential,39.98881496555526,-75.19919765141066,422.61,113.76,13.67,0.87
ENERGY_009,2025-12-31T00:39:27.518240,Industrial,39.99184571807682,-75.19986406883483,290.98,114.2,20.14,0.8
