sensor_id,timestamp,location_lat,location_lon,vehicle_count,avg_speed,congestion_level,road_type
TRAFFIC_003,2026-01-04T01:39:26.712280,39.994546889470804,-75.15878485055464,50,49.22,Critical,Main Street
TRAFFIC_006,2026-01-05T00:39:26.712303,39.94164075651462,-75.14205586940092,406,62.87,Critical,Main Street
TRAFFIC_000,2026-01-02T19:39:26.712309,39.92581673937803,-75.11199193892674,418,60.9,High,Highway
TRAFFIC_003,2026-01-01T11:39:26.712313,39.94685511939174,-75.1583224616334,356,19.94,Critical,Avenue
TRAFFIC_005,2026-01-02T03:39:26.712316,39.946665864490534,-75.17589141908685,393,67.98,Critical,Highway
TRAFFIC_006,2026-01-04T21:39:26.712319,39.90500024787361,-75.15355204599955,49,31.36,High,Side Street
TRAFFIC_004,2026-01-02T23:39:26.712322,39.986597798831674,-75.19212151267357,478,16.38,Medium,Avenue
TRAFFIC_003,2026-01-03T00:39:26.712325,39.94498263315836,-75.20262814776339,375,29.06,Critical,Main Street
TRAFFIC_006,2026-01-01T17:39:26.712328,39.95769227692332,-75.19076048295621,270,43.54,High,Main Street
TRAFFIC_000,2026-01-05T16:39:26.712331,39.91808414736588,-75.195401965358,438,16.35,Critical,Highway
TRAFFIC_007,2026-01-05T05:39:26.712333,39.97558436715434,-75.14389738100265,23,40.35,Medium,Avenue
TRAFFIC_002,2026-01-02T00:39:26.712335,39.967007289218174,-75.12650385704471,351,15.66,Medium,Main Street
TRAFFIC_000,2025-12-30T12:39:26.712337,39.908903474681544,-75.17702597256489,457,39.16,Critical,Avenue
TRAFFIC_009,2025-12-31T04:39:26.712339,39.94530967821629,-75.13356530596616,440,64.91,High,Side Street
TRAFFIC_009,2025-12-31T09:39:26.712341,39.92371655008845,-75.11914140882098,231,58.81,High,Side Street
TRAFFIC_001,2026-01-03T09:39:26.712343,39.990046233722786,-75.1416609554134,225,58.13,Medium,Avenue
TRAFFIC_008,2025-12-29T17:39:26.712345,39.96487641593613,-75.14605635794959,299,16.87,Low,Highway
TRAFFIC_008,2026-01-01T14:39:26.712347,39.99260596513583,-75.2062059709902,489,52.45,High,Side Street
TRAFFIC_004,2026-01-04T23:39:26.712349,39.95789781133437,-75.12158674292051,237,18.36,Low,Main Street
TRAFFIC_003,2026-01-01T15:39:26.712351,39.92941379925383,-75.14734377387867,298,47.99,Low,Side Street
TRAFFIC_009,2026-01-05T07:39:26.712353,39.930554738594886,-75.19259800459649,205,51.48,Medium,Highway
TRAFFIC_004,2026-01-01T08:39:26.712355,39.93193293737728,-75.19468478795332,339,66.8,Medium,Avenue
TRAFFIC_002,2025-12-31T17:39:26.712357,39.92406861468513,-75.1322799321679,310,48.3,Critical,Avenue
TRAFFIC_007,2026-01-03T02:39:26.712359,39.93633685466278,-75.14412736033526,451,56.09,High,Main Street
TRAFFIC_009,2025-12-30T07:39:26.712361,39.972638735753996,-75.15479444146398,129,47.54,High,Side Street
TRAFFIC_008,2026-01-04T14:39:26.712363,39.93112962109986,-75.15062087388058,169,19.5,Critical,Main Street
TRAFFIC_006,2026-01-02T09:39:26.712365,39.981384579298826,-75.11021939231003,281,38.74,Critical,Side Street
TRAFFIC_001,2026-01-03T18:39:26.712367,39.9437280904896,-75.12747583208684,52,59.74,Low,Avenue
TRAFFIC_003,2026-01-02T20:39:26.712369,39.90161502868832,-75.18602573196931,464,48.41,Low,Highway
TRAFFIC_007,2026-01-04T04:39:26.712371,39.90568976348603,-75.18072505967203,98,21.59,Low,Main Street
TRAFFIC_000,2026-01-05T08:39:26.712373,39.91908317033376,-75.20062544556066,80,15.49,High,Main Street
TRAFFIC_007,2026-01-01T07:39:26.712375,39.96826028031673,-75.20224460505746,121,50.37,Critical,Highway
TRAFFIC_007,2025-12-31T15:39:26.712378,39.97277473807444,-75.17704831206822,230,33.24,Critical,Avenue
TRAFFIC_001,2025-12-31T11:39:26.712381,39.979976664720965,-75.13920309808405,93,52.0,Medium,Avenue
TRAFFIC_009,2026-01-03T18:39:26.712384,39.955993521695085,-75.18006642083624,461,27.64,High,Side Street
TRAFFIC_009,2025-12-31T22:39:26.712386,39.962903934183835,-75.18218577054711,201,53.59,Medium,Main Street
TRAFFIC_004,2026-01-01T08:39:26.712389,39.94784160449934,-75.15350778063247,420,17.2,High,Highway
TRAFFIC_001,2025-12-31T23:39:26.712392,39.94264581161578,-75.20221673856855,125,61.82,Medium,Side Street
TRAFFIC_002,2026-01-02T21:39:26.712394,39.97876879642187,-75.12524786038749,25,52.43,High,Avenue
TRAFFIC_003,2026-01-03T20:39:26.712397,39.9580141360067,-75.12298716161095,86,31.77,Low,Avenue
TRAFFIC_007,2025-12-30T06:39:26.712399,39.95226802234214,-75.16369052240309,283,63.08,Low,Main Street
TRAFFIC_005,2026-01-02T23:39:26.712401,39.9914876392604,-75.14950571288351,24,39.79,Critical,Highway
TRAFFIC_000,2026-01-03T13:39:26.712404,39.98266820984982,-75.18576578235471,140,63.88,Medium,Main Street
TRAFFIC_002,2026-01-01T20:39:26.712406,39.97734911897477,-75.18048361121909,106,41.57,Low,Side Street
TRAFFIC_004,2026-01-01T21:39:26.712408,39.999661024474776,-75.12462554356455,11,40.1,Low,Avenue
TRAFFIC_007,2025-12-30T16:39:26.712411,39.96284740258886,-75.1539449160673,463,58.95,Low,Highway
TRAFFIC_002,2025-12-30T09:39:26.712413,39.99695606446473,-75.12205788562459,346,23.16,Medium,Avenue
TRAFFIC_009,2025-12-30T02:39:26.712415,39.918202502188414,-75.12423744356794,294,19.67,Critical,Side Street
TRAFFIC_009,2025-12-29T17:39:26.712418,39.91555698576533,-75.13432417154924,109,36.51,Critical,Main Street
TRAFFIC_001,2025-12-29T17:39:26.712420,39.976156208240575,-75.15968527008323,65,43.82,Medium,Avenue
TRAFFIC_002,2026-01-03T14:39:26.712422,39.93507603230931,-75.20730062396883,472,55.61,Critical,Highway
TRAFFIC_006,2025-12-31T01:39:26.712424,39.90144590622764,-75.15047286363868,417,64.1,Critical,Side Street
TRAFFIC_000,2026-01-02T09:39:26.712426,39.97291327497442,-75.18434905133988,200,46.65,Medium,Highway
TRAFFIC_001,2026-01-01T04:39:26.712428,39.92561241388463,-75.11610786934791,289,58.75,Low,Side Street
TRAFFIC_004,2025-12-31T23:39:26.712430,39.90154674615242,-75.12615639466844,417,46.93,High,Main Street
TRAFFIC_000,2026-01-01T07:39:26.712432,39.992600648467786,-75.16721367061434,155,24.89,High,Avenue
TRAFFIC_007,2025-12-29T23:39:26.712434,39.99311306944154,-75.1640030263319,333,24.58,Medium,Side Street
TRAFFIC_005,2026-01-02T12:39:26.712436,39.99562974393033,-75.14197975994394,126,43.79,Medium,Main Street
TRAFFIC_001,2026-01-04T00:39:26.712438,39.96304576247044,-75.14872309400134,302,29.88,Critical,Side Street
TRAFFIC_007,2026-01-02T11:39:26.712441,39.94574539755874,-75.13690720608099,104,41.36,Critical,Side Street
TRAFFIC_000,2026-01-01T15:39:26.712443,39.99035884185478,-75.14221455087507,322,68.09,High,Side Street
TRAFFIC_008,2026-01-02T18:39:26.712445,39.97638072145093,-75.18149649190983,155,34.73,Critical,Highway
TRAFFIC_004,2026-01-03T08:39:26.712447,39.979526561509175,-75.18452132242187,92,46.12,Critical,Side Street
TRAFFIC_000,2026-01-04T17:39:26.712449,39.90364348059183,-75.11227048629944,290,40.28,Medium,Highway
TRAFFIC_009,2026-01-04T08:39:26.712451,39.9092923941007,-75.1277585373317,47,33.26,Low,Main Street
TRAFFIC_002,2026-01-01T10:39:26.712453,39.984340672742384,-75.17793772974427,231,57.02,Medium,Highway
TRAFFIC_008,2025-12-30T21:39:26.712455,39.984996630489036,-75.17706427900362,453,62.48,High,Side Street
TRAFFIC_000,2026-01-04T22:39:26.712457,39.92375415054975,-75.11615317531654,370,34.95,Low,Main Street
TRAFFIC_004,2025-12-29T23:39:26.712458,39.98096291784198,-75.12590446945654,59,24.06,Critical,Side Street
TRAFFIC_001,2026-01-03T06:39:26.712460,39.92608614466404,-75.16147023609629,109,28.73,Medium,Side Street
TRAFFIC_002,2025-12-30T10:39:26.712462,39.91239119292415,-75.17736158631867,238,22.15,Medium,Side Street
TRAFFIC_001,2025-12-30T13:39:26.712464,39.926257942013066,-75.13717552580596,158,61.13,High,Side Street
TRAFFIC_002,2025-12-31T17:39:26.712466,39.986010635144304,-75.16157280567033,174,52.8,Low,Main Street
TRAFFIC_005,2026-01-01T22:39:26.712468,39.9369542317755,-75.1188670832683,87,30.15,Critical,Main Street
TRAFFIC_005,2026-01-02T18:39:26.712470,39.993082145029526,-75.13027517265195,115,35.7,Medium,Side Street
TRAFFIC_000,2026-01-02T04:39:26.712472,39.98907879295107,-75.1884537447185,220,50.36,Low,Side Street
TRAFFIC_001,2025-12-31T14:39:26.712474,39.987668696857384,-75.12586542123604,287,35.98,Critical,Side Street
TRAFFIC_003,2025-12-30T09:39:26.712476,39.97859960793783,-75.20150058716432,223,20.89,Low,Highway
TRAFFIC_001,2026-01-03T10:39:26.712478,39.97144369818471,-75.16954806501276,143,22.79,Critical,Main Street
TRAFFIC_009,2026-01-05T08:39:26.712480,39.9965705734464,-75.13879343069404,97,45.11,Critical,Highway
TRAFFIC_004,2026-01-04T10:39:26.712482,39.91481674388898,-75.18756867842563,308,19.85,Low,Avenue
TRAFFIC_002,2026-01-02T20:39:26.712484,39.903232602120916,-75.13372165396008,310,52.91,Medium,Main Street
TRAFFIC_007,2026-01-04T08:39:26.712486,39.98830393619642,-75.16095272856413,184,32.88,Low,Main Street
TRAFFIC_004,2026-01-03T15:39:26.712488,39.97274793128045,-75.15231919763903,347,48.13,Low,Highway
TRAFFIC_006,2026-01-03T08:39:26.712490,39.997845735889115,-75.14842835015324,12,21.65,Medium,Main Street
TRAFFIC_004,2026-01-04T16:39:26.712491,39.9517335217316,-75.20084412027421,461,47.75,Critical,Side Street
TRAFFIC_002,2026-01-02T21:39:26.712493,39.93060569581461,-75.12989212650058,444,50.38,Low,Main Street
TRAFFIC_002,2026-01-04T02:39:26.712495,39.95094966667553,-75.19471416674946,381,36.32,Critical,Main Street
TRAFFIC_001,2025-12-31T22:39:26.712497,39.94772752069405,-75.13788510320528,491,41.08,Low,Avenue
TRAFFIC_005,2026-01-01T00:39:26.712499,39.97135633230307,-75.11720253947898,187,16.2,Critical,Avenue
TRAFFIC_006,2025-12-31T23:39:26.712501,39.911956975108,-75.16692813873863,216,27.71,High,Highway
TRAFFIC_000,2026-01-04T18:39:26.712503,39.927247621608956,-75.16879300198887,282,41.14,Low,Highway
TRAFFIC_008,2026-01-03T03:39:26.712505,39.91541853756473,-75.19491983296312,80,25.94,Critical,Main Street
TRAFFIC_009,2026-01-02T00:39:26.712507,39.93380800063278,-75.11279700410414,249,23.03,High,Avenue
TRAFFIC_003,2026-01-05T02:39:26.712509,39.95494372363933,-75.17884424982947,222,48.96,Critical,Main Street
TRAFFIC_001,2025-12-29T22:39:26.712511,39.9547008871368,-75.14273007199161,454,56.82,Medium,Avenue
TRAFFIC_005,2026-01-01T03:39:26.712513,39.90410098086042,-75.11184515382243,22,32.44,High,Avenue
TRAFFIC_003,2026-01-02T05:39:26.712515,39.95739195587008,-75.17547614074216,255,61.68,Medium,Main Street
TRAFFIC_007,2025-12-30T05:39:26.712517,39.9363297452428,-75.20093206188916,268,50.44,Critical,Avenue
TRAFFIC_001,2025-12-31T00:39:26.712518,39.93670444630692,-75.11630057297808,399,54.43,High,Avenue
TRAFFIC_006,2026-01-01T12:39:26.712520,39.956588171526036,-75.16141481976793,83,35.6,Medium,Side Street
TRAFFIC_005,2026-01-04T02:39:26.712522,39.916375453725024,-75.1524913871676,216,49.34,Low,Main Street
TRAFFIC_001,2025-12-29T20:39:26.712524,39.92066865466392,-75.19088446459396,41,63.11,Critical,Main Street
TRAFFIC_001,2025-12-31T20:39:26.712527,39.94407352765175,-75.13587415186197,421,44.64,Medium,Side Street
TRAFFIC_005,2026-01-05T09:39:26.712529,39.92899893247811,-75.11908275951497,451,36.57,Critical,Avenue
TRAFFIC_007,2025-12-29T20:39:26.712531,39.90224228316117,-75.13459709020215,75,26.1,Medium,Side Street
TRAFFIC_000,2026-01-02T15:39:26.712533,39.93680145380503,-75.20568867554539,151,36.79,Critical,Main Street
TRAFFIC_008,2026-01-02T19:39:26.712535,39.941393790563744,-75.16679568813151,97,21.28,High,Side Street
TRAFFIC_000,2026-01-01T23:39:26.712537,39.92546874740256,-75.14805573123819,208,37.79,Medium,Highway
TRAFFIC_008,2025-12-30T04:39:26.712539,39.9101282652662,-75.12211673856591,61,63.4,Low,Side Street
TRAFFIC_003,2025-12-31T13:39:26.712541,39.95892931779262,-75.13022385770563,265,40.73,Medium,Highway
TRAFFIC_003,2025-12-31T04:39:26.712543,39.956788745135086,-75.14005256995465,43,19.96,Medium,Highway
TRAFFIC_000,2025-12-30T08:39:26.712545,39.97020802451847,-75.17903416081877,85,48.61,High,Main Street
TRAFFIC_001,2025-12-31T13:39:26.712547,39.94603304603371,-75.11930311103917,183,23.52,Critical,Main Street
TRAFFIC_001,2026-01-01T13:39:26.712548,39.97594942297004,-75.12973178915254,320,23.35,Medium,Main Street
TRAFFIC_001,2026-01-03T07:39:26.712550,39.92435781996069,-75.12045918486909,337,59.54,Low,Side Street
TRAFFIC_000,2025-12-30T09:39:26.712552,39.918947477888786,-75.12999489916103,28,59.87,High,Highway
TRAFFIC_004,2026-01-03T18:39:26.712554,39.97484027644358,-75.15547797006064,102,39.03,Critical,Side Street
TRAFFIC_006,2025-12-31T00:39:26.712556,39.960724641712375,-75.15285388075226,266,58.07,Low,Side Street
TRAFFIC_004,2026-01-04T01:39:26.712558,39.98845783196512,-75.14901574987677,84,19.15,High,Main Street
TRAFFIC_002,2025-12-31T23:39:26.712560,39.93552315812085,-75.19086175476856,7,36.36,High,Highway
TRAFFIC_003,2025-12-31T01:39:26.712562,39.941144125779,-75.17768407307705,336,30.29,High,Highway
TRAFFIC_009,2026-01-04T00:39:26.712564,39.967877059848874,-75.12118057673607,168,58.31,Medium,Side Street
TRAFFIC_009,2025-12-31T23:39:26.712565,39.927133271873615,-75.18024494499637,8,65.39,Medium,Side Street
TRAFFIC_003,2026-01-03T07:39:26.712567,39.95022494699731,-75.11053536036871,343,37.55,High,Highway
TRAFFIC_007,2025-12-30T12:39:26.712569,39.982356766086944,-75.18726293389805,468,24.77,Medium,Side Street
TRAFFIC_008,2025-12-30T05:39:26.712571,39.97097130150416,-75.11378797749346,472,25.09,High,Side Street
TRAFFIC_007,2026-01-04T21:39:26.712573,39.97211219863577,-75.20193845216596,115,30.29,High,Avenue
TRAFFIC_002,2025-12-30T22:39:26.712575,39.968620378982145,-75.17458314392427,433,20.31,High,Main Street
TRAFFIC_000,2026-01-01T16:39:26.712578,39.9645464963718,-75.20614726623506,274,46.74,High,Main Street
TRAFFIC_001,2025-12-29T18:39:26.712580,39.914756886413905,-75.12729830679159,177,62.71,High,Highway
TRAFFIC_000,2025-12-30T18:39:26.712582,39.91049597158209,-75.18110619582056,483,27.22,Low,Highway
TRAFFIC_005,2026-01-02T22:39:26.712584,39.93702944525377,-75.18498284550483,397,29.24,Critical,Main Street
TRAFFIC_003,2025-12-31T04:39:26.712586,39.944988641252394,-75.17517174687559,342,30.29,Medium,Side Street
TRAFFIC_008,2025-12-31T03:39:26.712588,39.90977407272324,-75.19316564705677,436,44.94,Critical,Highway
TRAFFIC_005,2026-01-03T20:39:26.712590,39.98198405888475,-75.12273911170281,432,44.92,High,Main Street
TRAFFIC_004,2026-01-01T08:39:26.712591,39.99257939526481,-75.15510989717711,483,16.94,Low,Highway
TRAFFIC_006,2025-12-31T14:39:26.712593,39.92455724714009,-75.20930551217977,186,67.64,Low,Main Street
TRAFFIC_000,2025-12-31T17:39:26.712595,39.953007886842784,-75.12761845337117,186,23.07,High,Highway
TRAFFIC_002,2026-01-01T14:39:26.712597,39.933384219514664,-75.12999420076807,160,51.77,Critical,Main Street
TRAFFIC_007,2026-01-03T04:39:26.712599,39.92635777120594,-75.15463721309766,182,50.04,Medium,Side Street
TRAFFIC_002,2025-12-30T21:39:26.712601,39.931552934732075,-75.15325303894174,319,49.56,Medium,Side Street
TRAFFIC_000,2025-12-31T20:39:26.712603,39.91417468689441,-75.15257747861587,472,65.92,Low,Side Street
TRAFFIC_001,2025-12-29T17:39:26.712605,39.99976357580107,-75.17109087252274,211,69.27,Low,Avenue
TRAFFIC_006,2026-01-05T05:39:26.712607,39.96664468220888,-75.20506083454529,399,62.97,Medium,Side Street
TRAFFIC_005,2026-01-03T21:39:26.712608,39.935303868598425,-75.19064322241746,376,38.42,Low,Main Street
TRAFFIC_006,2026-01-01T20:39:26.712610,39.9062700161252,-75.12732652245666,141,47.4,Critical,Side Street
TRAFFIC_007,2026-01-04T07:39:26.712612,39.969986993055784,-75.13449786802514,457,26.61,Low,Avenue
TRAFFIC_008,2026-01-01T01:39:26.712614,39.93260878871257,-75.12486266116413,386,32.28,Critical,Avenue
TRAFFIC_001,2026-01-03T13:39:26.712616,39.9615620766288,-75.17310145365829,452,61.24,Low,Main Street
TRAFFIC_004,2026-01-04T12:39:26.712618,39.957302201660006,-75.11730558245785,354,62.49,Low,Avenue
TRAFFIC_000,2026-01-05T15:39:26.712620,39.97618543302131,-75.11188819785438,460,69.58,Critical,Avenue
TRAFFIC_007,2025-12-31T12:39:26.712622,39.918623992102674,-75.12766544812668,232,41.28,Critical,Side Street
TRAFFIC_003,2026-01-03T00:39:26.712624,39.95741109523418,-75.13505283876826,108,52.88,High,Side Street
TRAFFIC_007,2025-12-30T21:39:26.712626,39.95348564987944,-75.18648337093286,105,18.61,High,Side Street
TRAFFIC_005,2026-01-04T00:39:26.712628,39.90817126975914,-75.12000470288112,254,24.9,High,Highway
TRAFFIC_007,2026-01-05T01:39:26.712629,39.9338144862585,-75.20686377199371,106,53.62,Low,Avenue
TRAFFIC_006,2026-01-01T09:39:26.712631,39.91633513191857,-75.17754544580676,338,18.09,High,Avenue
TRAFFIC_003,2026-01-04T08:39:26.712633,39.944296455932346,-75.11800980139495,185,38.39,Critical,Highway
TRAFFIC_006,2026-01-03T16:39:26.712635,39.988571675076734,-75.13975178878047,271,15.05,Critical,Main Street
TRAFFIC_004,2025-12-30T08:39:26.712637,39.961347017396925,-75.19755455761408,347,25.65,High,Highway
TRAFFIC_002,2026-01-01T18:39:26.712639,39.949646092453406,-75.19318439369601,479,47.05,High,Main Street
TRAFFIC_009,2026-01-02T03:39:26.712641,39.983541777119854,-75.11343602770509,206,28.31,Medium,Main Street
TRAFFIC_001,2025-12-31T04:39:26.712643,39.912479498996085,-75.18990094239435,467,47.07,Medium,Side Street
TRAFFIC_009,2026-01-03T13:39:26.712645,39.97907720705971,-75.12646961971909,412,31.44,High,Avenue
TRAFFIC_007,2026-01-05T08:39:26.712646,39.91652958067683,-75.1844609286029,426,57.36,Low,Side Street
TRAFFIC_005,2026-01-02T13:39:26.712648,39.929016068016715,-75.1248029653347,270,28.85,Low,Avenue
TRAFFIC_003,2026-01-02T14:39:26.712650,39.95346828284379,-75.12378943616594,159,52.46,Low,Main Street
TRAFFIC_000,2026-01-01T07:39:26.712653,39.90171436494443,-75.16865655225239,360,59.74,High,Avenue
TRAFFIC_004,2026-01-01T19:39:26.712655,39.93374879281372,-75.18514971926179,465,53.49,Low,Side Street
TRAFFIC_005,2026-01-03T06:39:26.712656,39.99624455061636,-75.20220977600195,58,36.72,Low,Highway
TRAFFIC_006,2026-01-01T06:39:26.712658,39.98812357533749,-75.14181689431194,234,62.1,Critical,Highway
TRAFFIC_001,2025-12-30T11:39:26.712660,39.95564942176862,-75.11086556918892,285,25.2,Critical,Avenue
TRAFFIC_005,2025-12-31T19:39:26.712662,39.970309140607206,-75.19754101036536,102,22.13,Medium,Avenue
TRAFFIC_008,2026-01-04T01:39:26.712664,39.997731848016976,-75.15657830799765,488,54.22,Low,Avenue
TRAFFIC_007,2026-01-01T20:39:26.712666,39.977362185770666,-75.18408410900287,100,45.46,High,Side Street
TRAFFIC_005,2026-01-04T16:39:26.712668,39.93583423250643,-75.16069186391518,328,39.44,Critical,Side Street
TRAFFIC_009,2026-01-02T06:39:26.712670,39.99316717387929,-75.17595438025927,95,67.71,Critical,Avenue
TRAFFIC_008,2025-12-31T15:39:26.712672,39.97337875050383,-75.15046738856687,337,36.2,Critical,Avenue
TRAFFIC_009,2026-01-04T09:39:26.712673,39.963062061996254,-75.12764886062659,87,54.26,High,Side Street
TRAFFIC_003,2026-01-04T22:39:26.712675,39.9743535727299,-75.153640457277,40,20.9,High,Main Street
TRAFFIC_000,2026-01-02T07:39:26.712678,39.95174525799418,-75.181459354593,180,65.09,High,Highway
TRAFFIC_009,2026-01-03T13:39:26.712680,39.934619258883636,-75.12304723505495,23,28.52,Critical,Avenue
TRAFFIC_008,2026-01-04T13:39:26.712682,39.99057839737306,-75.13241686019781,363,59.79,High,Main Street
TRAFFIC_008,2025-12-30T13:39:26.712684,39.920483576628584,-75.12901287378651,490,31.19,Critical,Side Street
TRAFFIC_009,2026-01-03T06:39:26.712685,39.998437487628635,-75.19755807302379,445,19.17,High,Avenue
TRAFFIC_001,2025-12-31T12:39:26.712687,39.90362780342834,-75.15920222797867,368,31.95,Critical,Main Street
TRAFFIC_002,2025-12-30T06:39:26.712690,39.912048312617586,-75.1149462403286,313,62.91,Medium,Main Street
TRAFFIC_005,2025-12-30T02:39:26.712692,39.94060833612476,-75.16983729854036,211,48.6,Low,Main Street
TRAFFIC_002,2025-12-30T14:39:26.712694,39.966639473595485,-75.18025234604701,268,39.89,Medium,Side Street
TRAFFIC_001,2025-12-29T21:39:26.712695,39.990472932001836,-75.1132582807218,22,24.93,Medium,Highway
TRAFFIC_002,2026-01-04T02:39:26.712697,39.97608645389201,-75.1476236423502,291,20.72,Medium,Avenue
TRAFFIC_005,2026-01-02T22:39:26.712699,39.97714567905254,-75.16837867721857,362,16.82,Medium,Side Street
TRAFFIC_001,2026-01-05T00:39:26.712701,39.921209207186955,-75.18203565752269,258,34.72,Critical,Avenue
TRAFFIC_006,2026-01-03T18:39:26.712703,39.91119860457826,-75.12001696197221,78,58.43,Critical,Side Street
TRAFFIC_002,2025-12-31T08:39:26.712705,39.98688050892171,-75.17442169836887,260,30.87,Low,Main Street
TRAFFIC_003,2026-01-04T21:39:26.712707,39.90891421306418,-75.1698506912096,157,35.56,Medium,Side Street
TRAFFIC_001,2025-12-29T18:39:26.712708,39.93651451239173,-75.14232923717289,446,29.19,Critical,Highway
TRAFFIC_002,2026-01-04T17:39:26.712710,39.99034030314183,-75.14740222580646,207,45.19,High,Avenue
TRAFFIC_008,2026-01-02T06:39:26.712712,39.944727641730005,-75.1249300278011,307,36.41,Medium,Side Street
TRAFFIC_008,2026-01-05T00:39:26.712714,39.90742885951071,-75.16915959409167,288,68.24,High,Avenue
TRAFFIC_001,2025-12-30T01:39:26.712716,39.978872654792184,-75.16889232043692,445,23.2,High,Highway
TRAFFIC_000,2025-12-30T10:39:26.712718,39.93071198888276,-75.15772664743433,393,16.58,Critical,Main Street
TRAFFIC_000,2026-01-05T15:39:26.712720,39.918697225297,-75.15192143157742,60,45.61,Medium,Side Street
TRAFFIC_006,2026-01-02T08:39:26.712722,39.99021522504403,-75.17864387115385,249,63.54,Low,Avenue
TRAFFIC_004,2025-12-30T19:39:26.712724,39.9078504097038,-75.20043780436968,211,38.14,Low,Avenue
TRAFFIC_003,2026-01-04T11:39:26.712726,39.90908773876427,-75.20790467088158,415,23.98,Critical,Highway
TRAFFIC_001,2025-12-31T15:39:26.712727,39.92791072993353,-75.17850856543532,43,22.62,Medium,Highway
TRAFFIC_005,2026-01-04T13:39:26.712729,39.95809606204604,-75.18049495924149,146,45.41,Low,Avenue
TRAFFIC_005,2026-01-05T12:39:26.712731,39.94500918572765,-75.14413189735745,403,47.74,Medium,Highway
TRAFFIC_004,2026-01-02T16:39:26.712733,39.98832929467154,-75.19452556434064,361,30.24,High,Main Street
TRAFFIC_007,2025-12-30T13:39:26.712735,39.930088741026665,-75.11507433001019,417,18.35,High,Avenue
TRAFFIC_000,2025-12-30T02:39:26.712737,39.97534193499441,-75.17468965468707,481,43.2,Medium,Side Street
TRAFFIC_006,2026-01-02T11:39:26.712739,39.95612266481139,-75.18195185556446,317,18.52,Low,Main Street
TRAFFIC_006,2026-01-02T06:39:26.712741,39.981571352079264,-75.16506584778685,320,47.7,Critical,Highway
TRAFFIC_004,2025-12-30T01:39:26.712743,39.92751716308676,-75.12798417925826,259,30.26,Medium,Main Street
TRAFFIC_008,2025-12-30T09:39:26.712745,39.99535765078591,-75.19825512529697,469,47.11,High,Avenue
TRAFFIC_000,2026-01-02T08:39:26.712747,39.948449992029744,-75.1165573654869,393,27.7,Low,Highway
TRAFFIC_009,2025-12-30T03:39:26.712748,39.95307761524952,-75.12700323094437,365,20.06,Critical,Avenue
TRAFFIC_001,2026-01-04T15:39:26.712750,39.94601632418575,-75.20474902848218,133,56.83,Critical,Avenue
TRAFFIC_002,2026-01-01T21:39:26.712752,39.93549409411031,-75.13414682157679,182,50.73,High,Side Street
TRAFFIC_009,2025-12-31T13:39:26.712754,39.90417087654049,-75.20255711767808,474,49.26,Critical,Highway
TRAFFIC_005,2026-01-04T05:39:26.712756,39.996653498734766,-75.16613400363343,80,20.4,Medium,Highway
TRAFFIC_003,2026-01-03T23:39:26.712758,39.980317866015874,-75.14578177664475,267,46.46,Critical,Avenue
TRAFFIC_008,2026-01-02T14:39:26.712760,39.96418003107106,-75.1473518845084,52,30.57,Critical,Highway
TRAFFIC_008,2026-01-04T20:39:26.712762,39.96122784658477,-75.1531452742084,241,15.03,Low,Side Street
TRAFFIC_005,2026-01-02T19:39:26.712764,39.94558563278497,-75.17068273159707,404,41.99,High,Side Street
TRAFFIC_002,2026-01-04T16:39:26.712766,39.90934974074264,-75.11903003176826,277,37.56,Critical,Main Street
TRAFFIC_002,2026-01-05T07:39:26.712768,39.97208560823673,-75.1921676012198,175,38.33,High,Side Street
TRAFFIC_005,2025-12-30T05:39:26.712770,39.9721910386992,-75.19471880689127,441,31.46,Critical,Highway
TRAFFIC_008,2025-12-30T03:39:26.712772,39.97977344296239,-75.12461906525174,293,33.6,Low,Side Street
TRAFFIC_000,2026-01-04T14:39:26.712774,39.94239754635704,-75.16019652789095,58,58.49,Low,Highway
TRAFFIC_006,2026-01-04T06:39:26.712776,39.97447585537271,-75.13145030506624,81,55.92,Low,Avenue
TRAFFIC_009,2026-01-02T02:39:26.712778,39.974530233152244,-75.15410923597291,37,43.04,Low,Highway
TRAFFIC_000,2026-01-02T09:39:26.712780,39.9399097701229,-75.11141883053565,298,43.64,High,Avenue
TRAFFIC_003,2026-01-02T02:39:26.712782,39.94159568511394,-75.12214163100944,478,38.34,Critical,Highway
TRAFFIC_008,2026-01-04T22:39:26.712784,39.91672292144733,-75.11161724809008,434,15.81,Medium,Side Street
TRAFFIC_003,2026-01-03T09:39:26.712786,39.97031316225908,-75.17135435833136,417,15.55,Medium,Avenue
TRAFFIC_005,2026-01-03T07:39:26.712788,39.908174400478806,-75.18978694791298,465,39.12,Low,Avenue
TRAFFIC_009,2026-01-04T13:39:26.712790,39.9379969918295,-75.14719948037931,205,16.28,Medium,Main Street
TRAFFIC_004,2026-01-03T23:39:26.712791,39.91120494652537,-75.1883678970063,240,23.4,Critical,Main Street
TRAFFIC_003,2026-01-02T08:39:26.712793,39.90112332315788,-75.20068429827056,353,57.39,Medium,Highway
TRAFFIC_002,2026-01-03T18:39:26.712795,39.914477745131514,-75.14548478204776,140,65.13,Low,Highway
TRAFFIC_002,2026-01-02T10:39:26.712797,39.92670666224071,-75.17833283605977,60,57.78,Critical,Main Street
TRAFFIC_007,2025-12-30T14:39:26.712799,39.94180951864246,-75.19939518051831,363,69.67,Low,Avenue
TRAFFIC_008,2026-01-01T19:39:26.712801,39.98321351629942,-75.15177831641527,453,27.45,Critical,Main Street
TRAFFIC_007,2026-01-03T23:39:26.712803,39.96394434865675,-75.12507185101701,447,50.42,Low,Avenue
TRAFFIC_001,2026-01-05T16:39:26.712805,39.955246794454396,-75.19704482920322,399,34.96,Critical,Side Street
TRAFFIC_004,2026-01-03T01:39:26.712807,39.922016863383035,-75.18488866526697,207,56.11,Medium,Highway
TRAFFIC_008,2025-12-30T10:39:26.712808,39.901809444030185,-75.19366516560252,233,59.82,Critical,Main Street
TRAFFIC_003,2026-01-05T02:39:26.712810,39.9343412232226,-75.17490477239582,119,26.48,Critical,Highway
TRAFFIC_006,2026-01-01T17:39:26.712812,39.961789336160635,-75.13129765856259,131,40.19,Medium,Highway
TRAFFIC_006,2026-01-05T15:39:26.712814,39.90155555373374,-75.12121186075224,345,50.09,Medium,Side Street
TRAFFIC_005,2026-01-05T08:39:26.712816,39.9650636651356,-75.11399475942437,401,49.39,Low,Main Street
TRAFFIC_007,2026-01-02T17:39:26.712818,39.98937074599375,-75.14099631899913,486,42.24,Low,Avenue
TRAFFIC_001,2025-12-30T06:39:26.712819,39.97874960790212,-75.18461042391544,205,61.07,Critical,Main Street
TRAFFIC_005,2026-01-03T12:39:26.712821,39.96799836280158,-75.12881871150189,249,45.24,Low,Highway
TRAFFIC_004,2025-12-29T22:39:26.712823,39.9207127751959,-75.17994680847208,140,27.41,Low,Main Street
TRAFFIC_000,2026-01-04T06:39:26.712825,39.93340993357058,-75.12153655905817,113,65.04,Low,Highway
TRAFFIC_007,2026-01-05T16:39:26.712828,39.946380467530226,-75.13847359799759,27,30.41,Low,Avenue
TRAFFIC_005,2025-12-30T10:39:26.712830,39.96202935947778,-75.12804956048099,87,58.31,Critical,Side Street
TRAFFIC_004,2026-01-05T15:39:26.712831,39.94786913660353,-75.1126268673826,135,66.45,High,Highway
TRAFFIC_009,2026-01-03T22:39:26.712833,39.9428355858713,-75.20266118649445,184,28.58,Low,Side Street
TRAFFIC_009,2026-01-03T01:39:26.712835,39.96498318721434,-75.1993165663941,170,55.49,Low,Side Street
TRAFFIC_002,2026-01-05T00:39:26.712837,39.93262761841031,-75.1786284596874,298,69.99,Low,Side Street
TRAFFIC_007,2026-01-01T05:39:26.712839,39.977205974956895,-75.13045568862566,141,43.81,High,Side Street
TRAFFIC_003,2025-12-30T03:39:26.712841,39.91455058269258,-75.17532097764327,0,16.36,Critical,Avenue
TRAFFIC_005,2025-12-31T08:39:26.712843,39.9909670521431,-75.20914871648462,345,37.24,High,Side Street
TRAFFIC_000,2026-01-03T04:39:26.712845,39.97781877953169,-75.11031738621351,5,25.47,Critical,Avenue
TRAFFIC_000,2025-12-31T12:39:26.712847,39.998163956027604,-75.16937274768044,109,69.08,High,Avenue
TRAFFIC_007,2025-12-29T20:39:26.712848,39.991241221977624,-75.18172511752779,405,36.67,Low,Highway
TRAFFIC_007,2026-01-04T18:39:26.712850,39.991523427821264,-75.17020982709681,386,34.79,Low,Avenue
TRAFFIC_009,2025-12-30T19:39:26.712852,39.986921352886554,-75.16151017137996,285,31.3,Low,Avenue
TRAFFIC_007,2026-01-02T19:39:26.712854,39.947545936852826,-75.1751797410504,317,26.35,Medium,Side Street
TRAFFIC_008,2026-01-02T15:39:26.712856,39.95756638091047,-75.15875379127225,451,41.9,Low,Avenue
TRAFFIC_006,2026-01-03T07:39:26.712858,39.92390752367768,-75.17002176235061,380,56.55,Low,Side Street
TRAFFIC_003,2026-01-03T03:39:26.712860,39.92979188452361,-75.12583040723406,99,68.39,Critical,Side Street
TRAFFIC_007,2026-01-04T10:39:26.712861,39.98955008042956,-75.11877240372847,341,17.62,High,Avenue
TRAFFIC_009,2026-01-03T01:39:26.712863,39.977391374012505,-75.11018963736441,407,57.19,Critical,Side Street
TRAFFIC_003,2026-01-02T14:39:26.712865,39.99093526370777,-75.16792812068124,467,61.18,High,Avenue
TRAFFIC_004,2026-01-02T06:39:26.712867,39.93072143605444,-75.14606717539316,195,22.41,Medium,Main Street
TRAFFIC_001,2026-01-02T11:39:26.712868,39.9243406861249,-75.12520388899978,69,67.08,Low,Main Street
TRAFFIC_006,2026-01-01T12:39:26.712870,39.93053528629193,-75.20270265094585,450,38.82,Low,Avenue
TRAFFIC_004,2025-12-29T18:39:26.712872,39.93773548671876,-75.20196472612142,227,57.77,High,Side Street
TRAFFIC_006,2026-01-04T09:39:26.712874,39.9790135466272,-75.14100826146073,459,50.65,Low,Side Street
TRAFFIC_009,2026-01-04T05:39:26.712876,39.980274977519386,-75.18332639849449,384,48.33,High,Highway
TRAFFIC_008,2025-12-30T08:39:26.712878,39.935569605816525,-75.17445217938524,500,29.95,Low,Avenue
TRAFFIC_002,2026-01-04T14:39:26.712880,39.985197570716075,-75.12097765331004,486,66.92,Low,Side Street
TRAFFIC_000,2026-01-03T07:39:26.712882,39.91520572965505,-75.16267442847827,85,39.21,Critical,Avenue
TRAFFIC_005,2026-01-03T05:39:26.712883,39.92179659927768,-75.1102745767522,312,45.96,Critical,Highway
TRAFFIC_003,2026-01-03T23:39:26.712886,39.98251728473812,-75.14750054928939,310,56.53,Medium,Main Street
TRAFFIC_001,2026-01-02T23:39:26.712887,39.925640324625334,-75.12395943155397,410,47.85,Critical,Avenue
TRAFFIC_005,2026-01-02T10:39:26.712889,39.92575111704562,-75.18042239838886,127,63.23,Critical,Avenue
TRAFFIC_003,2025-12-30T21:39:26.712891,39.96290223963746,-75.20592091979681,466,25.78,Low,Highway
TRAFFIC_008,2026-01-02T14:39:26.712893,39.94536419932981,-75.1557780742929,75,44.49,Critical,Main Street
TRAFFIC_003,2026-01-01T19:39:26.712895,39.946200370867,-75.18901843692319,98,22.0,Low,Main Street
TRAFFIC_001,2026-01-01T05:39:26.712898,39.92057803417653,-75.11039834025895,169,28.1,Critical,Highway
TRAFFIC_003,2026-01-01T09:39:26.712900,39.93254499045246,-75.1775250271091,379,28.6,Critical,Highway
TRAFFIC_006,2026-01-03T13:39:26.712902,39.91428218094356,-75.14956636553094,439,62.87,High,Main Street
TRAFFIC_005,2026-01-04T20:39:26.712904,39.95810682823612,-75.19825309947112,408,49.45,High,Highway
TRAFFIC_007,2026-01-03T08:39:26.712906,39.91253782886452,-75.20501251773491,471,54.5,Low,Main Street
TRAFFIC_007,2025-12-31T10:39:26.712908,39.95435134580931,-75.19032490692744,341,42.21,Medium,Avenue
TRAFFIC_003,2025-12-31T03:39:26.712910,39.99111576008402,-75.19407990609153,164,65.41,High,Side Street
TRAFFIC_007,2026-01-04T10:39:26.712911,39.94500450231022,-75.18613530878385,487,23.33,High,Main Street
TRAFFIC_008,2026-01-05T07:39:26.712913,39.90848125789898,-75.13535907303327,487,24.71,Medium,Main Street
TRAFFIC_002,2025-12-31T05:39:26.712915,39.93839437505868,-75.20669070022532,412,16.73,Critical,Side Street
TRAFFIC_004,2026-01-02T01:39:26.712917,39.94181451459155,-75.13571916163502,486,21.32,Low,Main Street
TRAFFIC_007,2026-01-04T20:39:26.712919,39.91704652592027,-75.1700031992415,131,61.64,High,Highway
TRAFFIC_009,2026-01-02T19:39:26.712921,39.98301344470622,-75.1512335630666,362,30.81,Low,Highway
TRAFFIC_008,2026-01-03T00:39:26.712924,39.944852958117984,-75.16822587582297,117,15.1,High,Highway
TRAFFIC_007,2025-12-30T10:39:26.712926,39.94825556822183,-75.16520123516621,382,43.24,High,Side Street
TRAFFIC_009,2026-01-01T04:39:26.712928,39.94350593046948,-75.20890450019905,300,58.14,High,Highway
TRAFFIC_009,2025-12-30T06:39:26.712930,39.96201844489806,-75.18425483630519,342,52.43,High,Avenue
TRAFFIC_005,2026-01-02T06:39:26.712932,39.93763039202872,-75.15786572167573,105,41.14,Low,Highway
TRAFFIC_003,2025-12-31T05:39:26.712934,39.992352622046,-75.11836813612058,407,42.87,Medium,Main Street
TRAFFIC_004,2026-01-04T19:39:26.712936,39.97114489477748,-75.15444605883884,192,45.3,High,Main Street
TRAFFIC_007,2026-01-05T14:39:26.712938,39.922397449310616,-75.1250036914765,174,31.44,Critical,Highway
TRAFFIC_005,2026-01-04T14:39:26.712940,39.96293460296701,-75.15103041398524,218,36.42,High,Side Street
TRAFFIC_009,2025-12-30T14:39:26.712942,39.91651672540449,-75.11786040904765,214,37.98,Critical,Main Street
TRAFFIC_001,2026-01-03T19:39:26.712943,39.98509211518644,-75.118244539576,472,66.8,Critical,Avenue
TRAFFIC_009,2026-01-01T12:39:26.712945,39.97979112849354,-75.13146519336081,492,23.61,High,Side Street
TRAFFIC_000,2026-01-03T01:39:26.712947,39.91817480158698,-75.17506525552304,118,62.06,Medium,Highway
TRAFFIC_008,2026-01-01T03:39:26.712949,39.92800515669484,-75.16921893205765,476,57.56,Low,Highway
TRAFFIC_002,2026-01-01T06:39:26.712951,39.989090638516345,-75.1758193847004,220,21.22,High,Avenue
TRAFFIC_004,2026-01-05T16:39:26.712953,39.915245670571224,-75.20946562802996,215,47.4,High,Avenue
TRAFFIC_009,2025-12-30T15:39:26.712955,39.98898029486736,-75.17866265749059,356,25.49,Medium,Highway
TRAFFIC_007,2025-12-30T04:39:26.712957,39.96476037266417,-75.17692664817115,424,56.76,Critical,Avenue
TRAFFIC_004,2026-01-04T00:39:26.712959,39.97457071421546,-75.17701447415867,276,54.46,High,Side Street
TRAFFIC_000,2026-01-01T03:39:26.712960,39.984548692136144,-75.20051160957284,485,33.55,Critical,Highway
TRAFFIC_000,2025-12-31T13:39:26.712962,39.900416134620826,-75.18954318966499,294,39.06,High,Highway
TRAFFIC_008,2026-01-05T07:39:26.712965,39.912257089058215,-75.17599758863791,25,22.04,High,Highway
TRAFFIC_005,2026-01-03T08:39:26.712967,39.954662720695914,-75.14111359923255,271,65.94,High,Avenue
TRAFFIC_009,2026-01-05T13:39:26.712969,39.92157518658566,-75.14921122370534,226,22.99,High,Side Street
TRAFFIC_000,2025-12-31T09:39:26.712970,39.96347091561273,-75.1374328821949,137,45.2,Low,Side Street
TRAFFIC_003,2026-01-02T20:39:26.712972,39.93668363737106,-75.15600342336738,111,17.02,Low,Avenue
TRAFFIC_007,2025-12-31T06:39:26.712974,39.90315955898323,-75.12842314002006,260,16.78,Medium,Side Street
TRAFFIC_003,2026-01-05T12:39:26.712976,39.9640675019852,-75.1135553844409,181,43.46,Critical,Main Street
TRAFFIC_004,2026-01-02T10:39:26.712978,39.95199734244961,-75.17695074105359,465,59.31,High,Highway
TRAFFIC_004,2026-01-03T22:39:26.712980,39.93770685582868,-75.18406779619363,4,59.9,High,Highway
TRAFFIC_009,2025-12-31T16:39:26.712982,39.94273680419645,-75.15841840555991,169,67.14,Medium,Side Street
TRAFFIC_001,2025-12-31T08:39:26.712984,39.9017304217052,-75.13579483269905,244,29.07,Medium,Main Street
TRAFFIC_003,2025-12-30T20:39:26.712986,39.95820897159426,-75.1809702700298,222,63.74,High,Avenue
TRAFFIC_008,2026-01-02T05:39:26.712987,39.91638143363243,-75.11870372955407,405,30.03,Low,Main Street
TRAFFIC_005,2026-01-03T20:39:26.712989,39.985075965629356,-75.17903042290222,391,46.28,Low,Side Street
TRAFFIC_004,2026-01-05T09:39:26.712991,39.905162501743355,-75.17515188343775,368,38.95,Medium,Avenue
TRAFFIC_004,2025-12-30T02:39:26.712993,39.972622753915935,-75.16686306384885,273,36.36,Critical,Avenue
TRAFFIC_008,2026-01-02T02:39:26.712995,39.95504797431495,-75.1361208247425,480,55.54,High,Avenue
TRAFFIC_008,2026-01-02T01:39:26.712997,39.91973926513818,-75.18057680642804,356,26.34,Low,Main Street
TRAFFIC_008,2025-12-30T20:39:26.712999,39.999747022071126,-75.12953139525442,486,54.87,Low,Main Street
TRAFFIC_003,2025-12-30T14:39:26.713001,39.91203247668863,-75.1520994483174,335,22.9,Low,Avenue
TRAFFIC_001,2026-01-02T09:39:26.713002,39.946379863960956,-75.13926439431674,222,42.19,Critical,Highway
TRAFFIC_004,2025-12-30T03:39:26.713004,39.94600363829073,-75.19873287323706,197,43.74,Critical,Highway
TRAFFIC_008,2025-12-30T22:39:26.713006,39.94412741051817,-75.16428980596012,429,58.55,Critical,Side Street
TRAFFIC_006,2026-01-02T18:39:26.713008,39.9115855879979,-75.15170962922474,448,65.67,High,Side Street
TRAFFIC_006,2026-01-01T03:39:26.713010,39.9073294797711,-75.12458957136582,411,65.5,Low,Side Street
TRAFFIC_005,2025-12-31T13:39:26.713012,39.99790929361874,-75.20381346653214,339,21.65,Low,Highway
TRAFFIC_009,2026-01-02T23:39:26.713014,39.90456260904147,-75.12920276036431,228,22.46,High,Side Street
TRAFFIC_008,2026-01-04T18:39:26.713016,39.966280548960626,-75.1452542327956,406,39.05,Critical,Highway
TRAFFIC_008,2025-12-31T01:39:26.713017,39.93567037853955,-75.12394229039545,331,54.8,Medium,Side Street
TRAFFIC_001,2026-01-04T23:39:26.713019,39.91756854360438,-75.19132586410238,439,46.46,High,Main Street
TRAFFIC_004,2025-12-30T04:39:26.713021,39.91621888515724,-75.12886514433573,256,69.49,Critical,Main Street
TRAFFIC_000,2026-01-01T06:39:26.713023,39.91761941001021,-75.1387826199157,84,23.09,Critical,Side Street
TRAFFIC_009,2026-01-03T18:39:26.713025,39.964054350911844,-75.1899988047949,392,19.21,Low,Side Street
TRAFFIC_007,2026-01-03T04:39:26.713027,39.99449188536221,-75.14319721802282,38,29.96,Low,Side Street
TRAFFIC_001,2025-12-31T08:39:26.713028,39.91667204620454,-75.12332900339399,90,40.84,Low,Main Street
TRAFFIC_009,2026-01-01T18:39:26.713030,39.93194876949722,-75.1727109651715,392,53.25,Low,Avenue
TRAFFIC_004,2025-12-30T11:39:26.713032,39.99586586130673,-75.17725943221704,414,16.44,Medium,Side Street
TRAFFIC_000,2026-01-04T13:39:26.713034,39.934930116970456,-75.14941119883295,33,16.29,Medium,Main Street
TRAFFIC_002,2026-01-02T16:39:26.713036,39.916178879185075,-75.1363456502638,287,41.25,Critical,Side Street
TRAFFIC_000,2025-12-31T14:39:26.713038,39.91028008135369,-75.18658781247488,161,33.28,Low,Side Street
TRAFFIC_009,2025-12-30T21:39:26.713040,39.97225939376672,-75.1322676485824,156,47.55,Low,Highway
TRAFFIC_002,2026-01-02T03:39:26.713042,39.907365278352465,-75.12787871121408,193,60.24,Critical,Avenue
TRAFFIC_001,2025-12-31T15:39:26.713049,39.971343887347665,-75.1239083327245,118,53.61,Low,Main Street
TRAFFIC_001,2026-01-03T08:39:26.713051,39.94210932609976,-75.1790090922764,394,27.4,Critical,Main Street
TRAFFIC_000,2026-01-03T03:39:26.713053,39.94552905581972,-75.1908360021479,154,16.62,High,Avenue
TRAFFIC_004,2025-12-30T02:39:26.713055,39.90733566186039,-75.11063620419814,151,37.5,High,Highway
TRAFFIC_007,2025-12-30T06:39:26.713057,39.91835145798483,-75.20690183950789,366,54.22,Low,Side Street
TRAFFIC_009,2026-01-04T20:39:26.713059,39.959370783601585,-75.17309554052494,343,64.8,High,Side Street
TRAFFIC_004,2025-12-30T20:39:26.713061,39.999921879085264,-75.12878841634073,122,64.51,High,Highway
TRAFFIC_001,2026-01-02T15:39:26.713063,39.98776024068978,-75.15353186250485,395,63.23,Medium,Highway
TRAFFIC_006,2025-12-30T13:39:26.713065,39.976559452329205,-75.12945832499342,36,31.73,High,Side Street
TRAFFIC_006,2026-01-01T20:39:26.713067,39.95656965870577,-75.17290437863115,318,36.26,Medium,Avenue
TRAFFIC_009,2025-12-31T01:39:26.713068,39.96537886770231,-75.20316451679244,225,16.43,Low,Highway
TRAFFIC_008,2025-12-30T15:39:26.713070,39.912669292835574,-75.11400802821514,328,18.91,Medium,Main Street
TRAFFIC_008,2026-01-04T13:39:26.713072,39.90827059964877,-75.16907426722373,457,38.12,High,Avenue
TRAFFIC_000,2026-01-03T06:39:26.713074,39.90463147921581,-75.18146838612256,275,26.48,Low,Side Street
TRAFFIC_007,2026-01-03T01:39:26.713076,39.96072268925106,-75.19395918777637,174,69.21,Critical,Side Street
TRAFFIC_006,2026-01-01T19:39:26.713078,39.92570759361664,-75.1775616857512,71,43.13,Low,Side Street
TRAFFIC_002,2026-01-03T11:39:26.713080,39.90262555940057,-75.13690945759689,104,27.28,Critical,Highway
TRAFFIC_001,2026-01-02T19:39:26.713082,39.94332597496616,-75.13733596707415,71,49.31,Medium,Side Street
TRAFFIC_000,2025-12-30T09:39:26.713084,39.96796281788261,-75.20947070563571,246,50.52,Medium,Highway
TRAFFIC_005,2026-01-03T08:39:26.713085,39.97904951077622,-75.17070607524165,65,38.43,Medium,Avenue
TRAFFIC_000,2026-01-01T23:39:26.713087,39.92675439933177,-75.12072721002068,346,23.57,High,Highway
TRAFFIC_000,2025-12-29T19:39:26.713089,39.99494694669675,-75.13135856342197,392,25.6,Medium,Avenue
TRAFFIC_009,2026-01-03T12:39:26.713091,39.90069165407902,-75.13776219830349,336,48.36,Critical,Avenue
TRAFFIC_000,2026-01-03T22:39:26.713093,39.979048874260535,-75.18373107044289,406,16.74,Critical,Main Street
TRAFFIC_007,2026-01-02T01:39:26.713095,39.95758027838423,-75.13873027671838,279,48.42,Medium,Avenue
TRAFFIC_003,2026-01-01T14:39:26.713097,39.91327669724983,-75.18334978404474,76,59.64,Low,Highway
TRAFFIC_005,2026-01-01T17:39:26.713099,39.95151285449996,-75.13663108627664,314,43.17,Medium,Highway
TRAFFIC_005,2025-12-30T09:39:26.713101,39.96790993873571,-75.20219767172357,466,15.82,Critical,Side Street
TRAFFIC_003,2025-12-30T04:39:26.713103,39.91018884355903,-75.15816723393806,169,57.42,Medium,Avenue
TRAFFIC_007,2025-12-31T12:39:26.713105,39.96654010329521,-75.16103666121799,202,59.23,Medium,Main Street
TRAFFIC_007,2025-12-31T02:39:26.713107,39.98689132862669,-75.15255726016389,344,64.23,High,Highway
TRAFFIC_001,2026-01-04T13:39:26.713109,39.98407786058298,-75.13347454116555,329,25.52,Medium,Avenue
TRAFFIC_008,2025-12-30T21:39:26.713110,39.93094518316272,-75.1130134471048,296,34.95,Medium,Highway
TRAFFIC_004,2026-01-02T05:39:26.713112,39.950277772441154,-75.14914228244946,117,60.21,High,Highway
TRAFFIC_001,2026-01-04T23:39:26.713114,39.98790347663754,-75.14924434690933,472,61.7,High,Main Street
TRAFFIC_000,2026-01-03T05:39:26.713116,39.917428149320436,-75.20622831595486,453,19.38,Medium,Side Street
TRAFFIC_007,2026-01-04T08:39:26.713118,39.95657873150062,-75.13014166868396,204,58.38,Low,Side Street
TRAFFIC_006,2026-01-03T21:39:26.713120,39.94543622931067,-75.14631522550475,248,16.67,Low,Avenue
TRAFFIC_000,2026-01-01T12:39:26.713121,39.97203384351586,-75.18073073338466,236,56.64,High,Main Street
TRAFFIC_004,2026-01-05T15:39:26.713123,39.90928622593248,-75.14019765417586,203,59.55,Medium,Side Street
TRAFFIC_001,2025-12-30T03:39:26.713125,39.97905240577809,-75.1826302794309,34,40.27,High,Highway
TRAFFIC_008,2025-12-31T16:39:26.713127,39.97489106267066,-75.20214719748378,460,52.1,Low,Avenue
TRAFFIC_006,2026-01-03T03:39:26.713129,39.91319846096539,-75.11631600952526,12,36.62,Medium,Highway
TRAFFIC_003,2025-12-30T07:39:26.713132,39.953096357452125,-75.11096061504975,147,39.91,High,Main Street
TRAFFIC_000,2026-01-02T20:39:26.713133,39.91402988657255,-75.16633451010796,410,41.42,Low,Side Street
TRAFFIC_000,2025-12-31T10:39:26.713135,39.92075481179162,-75.13889725320773,55,26.31,Medium,Avenue
TRAFFIC_004,2026-01-01T17:39:26.713137,39.97268689377395,-75.16439242157983,488,59.48,Critical,Side Street
TRAFFIC_007,2026-01-01T05:39:26.713139,39.961072382647146,-75.20020442728382,185,22.62,High,Main Street
TRAFFIC_002,2026-01-05T05:39:26.713141,39.92668149828196,-75.15552568274153,227,60.36,Critical,Avenue
TRAFFIC_005,2026-01-01T17:39:26.713143,39.952772259523194,-75.14337915736027,324,42.59,High,Side Street
TRAFFIC_009,2026-01-01T22:39:26.713144,39.905736012835746,-75.18822143382124,5,46.29,High,Highway
TRAFFIC_007,2026-01-01T10:39:26.713146,39.92208857879634,-75.16902181624668,245,52.99,Critical,Avenue
TRAFFIC_006,2025-12-31T10:39:26.713148,39.97402662450208,-75.13378417927288,286,58.82,Medium,Avenue
TRAFFIC_004,2025-12-31T07:39:26.713150,39.95863937591426,-75.20662590154201,168,52.11,High,Highway
TRAFFIC_005,2025-12-31T22:39:26.713152,39.922422828191976,-75.11336893515185,418,54.94,Low,Side Street
TRAFFIC_005,2026-01-02T09:39:26.713154,39.97803480088115,-75.13570933397332,112,19.7,Critical,Avenue
TRAFFIC_005,2026-01-02T23:39:26.713156,39.90862041931444,-75.12216981900428,6,61.39,Medium,Highway
TRAFFIC_002,2026-01-03T14:39:26.713157,39.99038373618556,-75.19499063856067,489,64.41,Critical,Avenue
TRAFFIC_000,2026-01-02T23:39:26.713159,39.967382041562765,-75.15612041732638,442,35.64,High,Avenue
TRAFFIC_007,2026-01-03T19:39:26.713161,39.974022904275806,-75.12294473204048,282,64.38,High,Side Street
TRAFFIC_007,2026-01-01T16:39:26.713163,39.93856200852411,-75.13301038422807,324,67.73,Low,Side Street
TRAFFIC_006,2026-01-05T09:39:26.713165,39.932603959768954,-75.14658316288191,83,16.27,Critical,Highway
TRAFFIC_003,2026-01-05T10:39:26.713166,39.974474700483356,-75.19300946005845,372,19.34,High,Main Street
TRAFFIC_007,2026-01-02T12:39:26.713168,39.980680086628695,-75.15860074388476,452,26.0,Medium,Main Street
TRAFFIC_003,2026-01-02T23:39:26.713170,39.93933183302734,-75.20541996872832,380,59.24,High,Highway
TRAFFIC_008,2025-12-30T06:39:26.713172,39.90560283398504,-75.11663952438425,458,38.88,Medium,Side Street
TRAFFIC_007,2026-01-05T15:39:26.713174,39.90003889489524,-75.12859750236066,375,67.43,Critical,Highway
TRAFFIC_002,2025-12-31T11:39:26.713176,39.93126783447672,-75.110277511362,242,47.51,Low,Avenue
TRAFFIC_000,2026-01-03T09:39:26.713177,39.99326694135674,-75.17706567168108,376,55.94,Critical,Side Street
TRAFFIC_001,2026-01-03T00:39:26.713179,39.922412574910894,-75.15022710396018,297,41.8,Medium,Main Street
TRAFFIC_003,2026-01-01T22:39:26.713181,39.90915540913952,-75.15985210364067,382,24.97,Critical,Main Street
TRAFFIC_005,2026-01-01T17:39:26.713183,39.99067981926223,-75.15863864462423,481,43.89,Medium,Avenue
TRAFFIC_006,2026-01-01T06:39:26.713185,39.980710388640134,-75.20871335054011,129,23.93,Critical,Avenue
TRAFFIC_007,2026-01-04T21:39:26.713187,39.9751599124122,-75.16856976853173,77,41.43,Low,Highway
TRAFFIC_006,2026-01-03T06:39:26.713189,39.933037204559255,-75.20435862783964,272,19.64,High,Avenue
TRAFFIC_007,2025-12-30T07:39:26.713191,39.97488651123484,-75.17770980252907,235,60.33,Low,Side Street
TRAFFIC_006,2025-12-30T05:39:26.713193,39.95220787570762,-75.19182626615007,468,49.47,Low,Main Street
TRAFFIC_009,2025-12-29T23:39:26.713194,39.99078179602986,-75.15502000152631,229,62.23,Medium,Highway
TRAFFIC_005,2026-01-04T01:39:26.713196,39.92821791054828,-75.12421684938526,494,54.92,Medium,Highway
TRAFFIC_003,2026-01-05T03:39:26.713198,39.90126242433993,-75.11525687667283,472,53.36,Critical,Avenue
TRAFFIC_008,2026-01-01T03:39:26.713200,39.96953255195426,-75.17641883965871,489,22.09,Low,Avenue
TRAFFIC_003,2025-12-30T16:39:26.713202,39.99443626799882,-75.18327885772875,382,19.01,Low,Side Street
TRAFFIC_007,2026-01-05T16:39:26.713204,39.966968802587886,-75.20614954385232,278,40.65,High,Avenue
TRAFFIC_007,2026-01-03T09:39:26.713205,39.970763982689164,-75.1277194715195,483,24.7,Low,Main Street
TRAFFIC_008,2026-01-04T13:39:26.713207,39.926225870002575,-75.20345223503838,419,62.49,Medium,Highway
TRAFFIC_008,2026-01-04T23:39:26.713209,39.912573857676854,-75.17142333250497,415,17.2,Critical,Main Street
TRAFFIC_005,2026-01-04T22:39:26.713211,39.9040403973429,-75.20085770353077,310,55.01,Medium,Avenue
TRAFFIC_005,2025-12-30T16:39:26.713213,39.95605770494784,-75.16396044355025,469,57.41,Critical,Highway
TRAFFIC_007,2026-01-01T15:39:26.713215,39.904201178519195,-75.19005605912793,184,34.89,Medium,Main Street
TRAFFIC_003,2026-01-05T07:39:26.713217,39.919575235666436,-75.19908860241425,338,50.24,High,Main Street
TRAFFIC_005,2025-12-31T11:39:26.713219,39.907427277205606,-75.19427045943739,210,51.42,Critical,Highway
TRAFFIC_004,2026-01-05T08:39:26.713221,39.946989615816896,-75.17045042069883,463,26.8,Critical,Highway
TRAFFIC_005,2026-01-03T19:39:26.713222,39.92549184197889,-75.11368614725356,198,22.57,Critical,Main Street
TRAFFIC_003,2025-12-30T10:39:26.713224,39.90677650052858,-75.19645395120934,39,67.13,High,Highway
TRAFFIC_007,2026-01-01T10:39:26.713226,39.94546047081606,-75.1741358896329,107,30.37,Low,Highway
TRAFFIC_003,2026-01-05T13:39:26.713228,39.99417587604166,-75.1252014926859,356,69.22,Medium,Avenue
TRAFFIC_003,2026-01-03T00:39:26.713230,39.963598978661146,-75.15937870516832,467,44.36,High,Avenue
TRAFFIC_001,2026-01-04T09:39:26.713232,39.91922866750529,-75.20945317849474,76,48.21,Critical,Main Street
TRAFFIC_001,2025-12-30T14:39:26.713233,39.92189344954066,-75.18835355547311,324,41.47,High,Highway
TRAFFIC_000,2026-01-04T15:39:26.713235,39.99306951952066,-75.1791294124887,428,51.0,High,Highway
TRAFFIC_004,2025-12-29T17:39:26.713237,39.934607021619165,-75.16991613260691,479,62.12,High,Main Street
TRAFFIC_001,2026-01-04T09:39:26.713240,39.989862842773626,-75.14285413231566,73,30.66,Critical,Side Street
TRAFFIC_002,2026-01-04T16:39:26.713242,39.9384818953042,-75.2091825415248,226,47.67,High,Avenue
TRAFFIC_001,2026-01-05T17:39:26.713244,39.97162174711499,-75.11904442494485,403,45.59,Critical,Side Street
TRAFFIC_006,2025-12-29T22:39:26.713246,39.96724396110832,-75.20536686538223,310,30.38,High,Main Street
TRAFFIC_001,2026-01-01T16:39:26.713249,39.96605452550676,-75.19339711852346,26,59.52,Low,Side Street
TRAFFIC_008,2026-01-05T03:39:26.713251,39.99940110599464,-75.15119775595807,413,48.98,Medium,Side Street
TRAFFIC_006,2026-01-01T16:39:26.713253,39.96787265179421,-75.14232733208225,281,46.01,Low,Avenue
TRAFFIC_003,2026-01-01T15:39:26.713254,39.94918869535693,-75.15530333463136,430,64.26,Critical,Side Street
TRAFFIC_003,2026-01-01T10:39:26.713256,39.92216261340792,-75.15257637248918,427,26.72,High,Highway
TRAFFIC_001,2025-12-31T09:39:26.713258,39.96385049403169,-75.13045532091269,81,33.01,Critical,Side Street
TRAFFIC_000,2026-01-04T14:39:26.713260,39.901576466418724,-75.13068115351467,211,30.12,Medium,Highway
TRAFFIC_002,2026-01-01T20:39:26.713262,39.98635286094199,-75.11614924621661,406,41.68,Low,Avenue
TRAFFIC_008,2026-01-05T11:39:26.713264,39.99920548575589,-75.17148897512651,300,15.62,High,Highway
TRAFFIC_008,2025-12-30T09:39:26.713265,39.982685149097584,-75.14765418969768,293,66.38,Medium,Highway
TRAFFIC_005,2026-01-03T21:39:26.713267,39.999905094216565,-75.1133897941412,84,29.69,Medium,Main Street
TRAFFIC_002,2026-01-02T02:39:26.713269,39.923654131966344,-75.20329853601388,262,50.65,Low,Side Street
TRAFFIC_005,2026-01-04T14:39:26.713271,39.99218037590704,-75.18247795258458,322,21.53,Critical,Avenue
TRAFFIC_008,2026-01-01T00:39:26.713273,39.90773495597063,-75.18169489686791,89,25.12,Low,Side Street
TRAFFIC_006,2026-01-01T18:39:26.713275,39.97738232726313,-75.19772885311293,448,40.71,Critical,Side Street
TRAFFIC_006,2025-12-31T20:39:26.713277,39.990156536230515,-75.1865080733069,242,37.19,Low,Side Street
TRAFFIC_007,2026-01-02T07:39:26.713280,39.98421518804553,-75.12122795897704,197,50.67,Low,Side Street
TRAFFIC_000,2025-12-29T18:39:26.713282,39.986278056132846,-75.154186831036,28,53.06,High,Main Street
TRAFFIC_003,2025-12-30T14:39:26.713284,39.92959001600746,-75.20476096858285,108,69.62,High,Highway
TRAFFIC_001,2026-01-03T02:39:26.713286,39.9959292939675,-75.18218973573492,23,42.59,Critical,Side Street
TRAFFIC_002,2026-01-03T02:39:26.713287,39.981951833580304,-75.11594179053102,55,34.83,Medium,Main Street
TRAFFIC_009,2025-12-30T07:39:26.713289,39.984628794570106,-75.19332781265382,142,20.86,High,Highway
TRAFFIC_003,2026-01-01T23:39:26.713291,39.90345336717071,-75.15698023212167,367,15.06,Medium,Side Street
