station_id,timestamp,location_lat,location_lon,temperature,humidity,wind_speed,wind_direction,precipitation,pressure
WEATHER_003,2026-01-05T01:39:26.719698,39.96764330858532,-75.11596446918436,82.24,77.36,4.98,NE,1.51,29.67
WEATHER_003,2026-01-03T04:39:26.719709,39.91177818807991,-75.11071878471425,78.95,44.9,21.53,E,0.89,29.56
WEATHER_000,2026-01-03T17:39:26.719713,39.997643554792006,-75.1687046527367,51.33,39.43,22.13,SW,1.1,29.62
WEATHER_004,2026-01-03T21:39:26.719716,39.975480993426686,-75.19807522520453,63.19,64.94,25.85,NE,1.42,29.77
WEATHER_004,2025-12-31T06:39:26.719719,39.92839736232171,-75.15254777002347,89.38,38.06,2.18,N,0.82,29.61
WEATHER_004,2026-01-01T15:39:26.719723,39.919662334168905,-75.17153369672926,61.51,64.61,21.62,SW,1.26,30.48
WEATHER_003,2025-12-29T23:39:26.719725,39.981041693269546,-75.1581196304299,85.65,47.39,23.81,W,0.14,30.5
WEATHER_001,2026-01-04T08:39:26.719728,39.94176960614219,-75.2041286866733,90.1,52.55,7.19,SE,0.89,30.22
WEATHER_000,2026-01-03T06:39:26.719731,39.99532467873029,-75.1335774357084,85.39,56.57,6.17,S,0.93,29.64
WEATHER_002,2026-01-05T16:39:26.719734,39.92312098787529,-75.19914146037384,67.06,75.86,1.81,E,1.91,29.9
WEATHER_000,2026-01-01T01:39:26.719737,39.91135023378912,-75.17214177817664,86.23,52.64,25.23,E,1.94,30.46
WEATHER_000,2025-12-31T23:39:26.719739,39.988975054581736,-75.18494961898001,61.2,38.87,6.82,W,0.38,30.17
WEATHER_000,2025-12-31T13:39:26.719742,39.918938864655956,-75.16698536016715,67.52,64.83,11.83,W,0.2,29.74
WEATHER_000,2026-01-05T07:39:26.719745,39.9413920395262,-75.1652546377739,87.71,74.39,10.08,SW,1.39,29.84
WEATHER_004,2025-12-29T22:39:26.719748,39.97092148491606,-75.20716541565217,87.79,39.56,24.66,S,0.43,30.1
WEATHER_004,2026-01-01T00:39:26.719751,39.97717367971152,-75.19518928542136,84.8,34.48,8.42,NE,1.87,29.78
WEATHER_003,2026-01-01T09:39:26.719754,39.92540490200868,-75.20033869576793,93.89,44.04,12.85,S,1.43,30.12
WEATHER_000,2026-01-01T12:39:26.719757,39.978171065073376,-75.1274276067195,61.1,86.52,14.47,SE,1.62,29.51
WEATHER_000,2025-12-30T22:39:26.719760,39.91960224026766,-75.13315166513118,60.78,33.12,26.35,S,1.91,29.94
WEATHER_004,2026-01-01T10:39:26.719763,39.97498760086485,-75.16715754444468,89.18,30.92,20.54,S,0.55,29.76
WEATHER_001,2026-01-03T09:39:26.719765,39.97378467416656,-75.17449637072488,82.31,66.71,0.27,N,1.95,29.51
WEATHER_003,2026-01-01T10:39:26.719768,39.96603232822218,-75.17080422263746,82.84,36.03,1.51,SE,1.05,30.03
WEATHER_001,2026-01-04T03:39:26.719771,39.91791789796609,-75.17845897328753,69.86,57.27,10.9,NW,0.79,29.92
WEATHER_002,2025-12-31T13:39:26.719774,39.98138345005037,-75.12579066074937,66.59,47.96,20.66,S,0.35,30.02
WEATHER_003,2025-12-31T07:39:26.719776,39.98173227894766,-75.13447586932668,56.74,64.63,27.08,SE,1.47,30.11
WEATHER_001,2026-01-05T11:39:26.719779,39.91534911739367,-75.14926459514135,73.85,38.64,29.77,NE,0.83,29.99
WEATHER_003,2026-01-01T08:39:26.719782,39.97263267793353,-75.14820739644178,63.98,30.28,23.79,NE,1.34,29.71
WEATHER_000,2026-01-04T14:39:26.719785,39.98692498990125,-75.11446772020147,94.04,53.84,15.71,SW,0.86,30.25
WEATHER_003,2026-01-03T08:39:26.719788,39.95335649520363,-75.14260657594,68.67,44.3,4.54,W,1.68,29.81
WEATHER_001,2025-12-29T17:39:26.719791,39.966989071733025,-75.11461777984424,86.98,80.54,24.67,N,1.59,29.91
WEATHER_001,2026-01-03T08:39:26.719794,39.90693021223314,-75.20211578106866,73.83,56.76,20.91,W,0.62,29.84
WEATHER_001,2026-01-04T00:39:26.719797,39.964828280811915,-75.19142237013864,73.39,79.23,21.62,S,1.72,30.08
WEATHER_000,2025-12-31T17:39:26.719800,39.938833044773915,-75.14057194893512,65.99,41.46,14.45,W,0.12,30.37
WEATHER_004,2026-01-05T11:39:26.719802,39.90495250167895,-75.19268146152213,82.84,74.41,19.44,S,1.27,29.58
WEATHER_004,2025-12-31T12:39:26.719805,39.94688812970826,-75.19482170505998,88.79,83.43,13.69,NE,1.05,30.41
WEATHER_000,2026-01-01T08:39:26.719808,39.95537398296069,-75.18658010970348,75.58,68.13,2.29,SE,0.1,30.37
WEATHER_003,2025-12-31T18:39:26.719811,39.99601631021155,-75.19699561199629,75.12,67.82,7.82,S,0.93,30.29
WEATHER_000,2025-12-31T15:39:26.719814,39.9567697500222,-75.19229012250821,67.26,83.68,15.89,SE,1.19,29.57
WEATHER_003,2026-01-03T06:39:26.719817,39.96452174391448,-75.11175569504047,62.45,81.13,26.97,S,1.94,30.49
WEATHER_001,2025-12-30T12:39:26.719820,39.976349207034716,-75.14925207617074,88.1,76.09,4.09,S,1.05,29.88
WEATHER_004,2026-01-01T23:39:26.719823,39.98196174611425,-75.1874684271615,58.14,77.69,2.85,E,1.78,29.62
WEATHER_002,2026-01-02T02:39:26.719825,39.91058284089804,-75.14154266561982,85.76,37.76,3.91,E,0.76,29.52
WEATHER_001,2026-01-02T13:39:26.719828,39.98827232128887,-75.20820133869753,61.11,32.32,1.91,N,1.44,30.34
WEATHER_000,2025-12-30T22:39:26.719831,39.90511521139723,-75.116229650451,50.64,36.35,21.05,N,1.07,29.57
WEATHER_002,2026-01-04T06:39:26.719834,39.90109622067725,-75.19810813327656,61.26,80.44,10.22,SW,0.7,29.77
WEATHER_004,2025-12-30T05:39:26.719837,39.928883999140204,-75.20329067338726,87.09,57.98,21.49,NE,1.7,30.43
WEATHER_002,2025-12-30T23:39:26.719840,39.94332525475484,-75.15681900625133,62.57,54.19,27.9,S,1.56,30.35
WEATHER_002,2026-01-04T16:39:26.719842,39.96803473161452,-75.20595028157351,75.65,87.25,4.11,E,1.72,30.17
WEATHER_002,2026-01-01T13:39:26.719845,39.989819476362136,-75.19756500493064,90.64,62.72,13.12,W,1.04,30.25
WEATHER_003,2026-01-01T01:39:26.719848,39.988606284776424,-75.1881713032011,63.74,35.12,5.34,W,1.45,29.71
WEATHER_002,2026-01-04T02:39:26.719851,39.989080702390574,-75.16148549817316,87.43,52.5,14.55,E,1.76,29.7
WEATHER_000,2026-01-05T05:39:26.719853,39.972075402722936,-75.16411726020638,74.76,62.67,0.69,W,0.14,30.38
WEATHER_001,2026-01-05T13:39:26.719856,39.99610960104016,-75.20858161589918,84.48,39.97,12.37,NW,1.9,30.08
WEATHER_000,2026-01-02T07:39:26.719859,39.90038348238733,-75.16890763658964,59.85,74.09,2.66,NE,0.84,30.17
WEATHER_000,2026-01-04T12:39:26.719862,39.91489858096401,-75.20196837924559,84.78,68.02,14.36,NE,0.18,29.66
WEATHER_000,2026-01-03T01:39:26.719864,39.99386540628994,-75.17654969605053,66.45,53.83,15.89,NW,0.68,29.72
WEATHER_002,2026-01-05T00:39:26.719867,39.948372256458946,-75.19903412240527,66.82,42.38,4.83,SE,1.83,30.5
WEATHER_003,2025-12-31T17:39:26.719870,39.97817244166509,-75.16744526633212,63.35,81.58,12.12,SW,1.88,29.63
WEATHER_000,2026-01-04T01:39:26.719873,39.95750678770416,-75.12019343677414,73.71,75.19,3.13,S,1.84,30.41
WEATHER_004,2026-01-03T15:39:26.719876,39.97946132629246,-75.11406297639135,74.52,77.99,9.73,S,0.34,29.76
WEATHER_002,2026-01-04T00:39:26.719879,39.93113905364804,-75.11756910273664,75.82,46.03,26.95,W,1.93,29.88
WEATHER_001,2026-01-02T00:39:26.719881,39.90225907367119,-75.19972289337471,70.53,75.03,2.79,SE,1.5,30.15
WEATHER_001,2026-01-03T16:39:26.719884,39.917464643905696,-75.15634387010931,76.7,49.27,28.34,NE,1.26,30.05
WEATHER_000,2026-01-01T21:39:26.719887,39.97384353970658,-75.18695335219134,57.29,32.79,1.03,S,0.23,30.43
WEATHER_001,2026-01-05T13:39:26.719890,39.97408735855513,-75.1155106708667,88.24,72.36,11.94,SW,0.04,29.9
WEATHER_000,2025-12-30T07:39:26.719893,39.93311784512534,-75.19900440700849,94.87,52.26,15.71,NW,1.46,29.68
WEATHER_003,2025-12-30T04:39:26.719895,39.944016167192714,-75.18061441967201,68.72,62.25,6.72,N,1.81,29.85
WEATHER_003,2025-12-30T08:39:26.719898,39.95974042195441,-75.20865436661578,67.39,87.5,14.26,S,1.51,29.67
WEATHER_000,2025-12-30T02:39:26.719902,39.96924592603149,-75.19197177771012,84.33,34.84,1.95,S,1.16,29.65
WEATHER_002,2025-12-30T01:39:26.719904,39.99028057087244,-75.16639013731286,91.71,45.15,7.72,E,1.59,30.37
WEATHER_002,2026-01-04T18:39:26.719907,39.98534541061161,-75.11952075165179,79.42,87.23,25.25,S,0.13,30.23
WEATHER_004,2025-12-30T02:39:26.719910,39.90962498479641,-75.13587557980065,84.28,37.71,27.88,SE,0.28,30.11
WEATHER_004,2026-01-04T04:39:26.719913,39.93157906803541,-75.16683025400518,89.85,40.59,26.48,N,1.76,30.0
WEATHER_001,2026-01-04T09:39:26.719916,39.91036219562336,-75.12910257626528,78.76,57.11,1.75,N,1.31,30.12
WEATHER_000,2026-01-05T12:39:26.719918,39.93656258130643,-75.1994136287821,84.19,47.5,13.47,NW,0.67,30.11
WEATHER_001,2026-01-05T08:39:26.719921,39.90203611158732,-75.15501452242637,86.15,32.31,12.79,E,1.02,29.89
WEATHER_001,2026-01-04T14:39:26.719924,39.9805371444058,-75.15237408741181,80.9,83.38,13.58,NW,1.75,30.41
WEATHER_004,2026-01-03T08:39:26.719927,39.958277920126385,-75.18480651550436,87.93,65.7,20.12,NW,1.94,30.24
WEATHER_002,2026-01-02T22:39:26.719930,39.998753482232914,-75.1423008457943,62.35,69.82,4.7,N,1.8,29.85
WEATHER_001,2025-12-30T06:39:26.719933,39.96642081244897,-75.15926813446994,59.45,89.62,9.75,E,1.06,29.6
WEATHER_003,2025-12-31T14:39:26.719936,39.91907194843839,-75.1248650388345,90.12,69.64,13.13,N,1.43,30.01
WEATHER_000,2025-12-31T13:39:26.719938,39.999767813625205,-75.18870025925116,62.79,42.0,15.39,N,0.91,29.72
WEATHER_000,2026-01-05T10:39:26.719941,39.99260722864487,-75.13314487771771,84.8,89.93,15.49,N,0.27,29.77
WEATHER_004,2026-01-05T00:39:26.719944,39.92085248845272,-75.1798550036213,72.79,87.66,14.87,SE,0.13,29.97
WEATHER_003,2026-01-01T12:39:26.719947,39.919459208867394,-75.15789696135487,59.11,61.24,5.92,SW,0.61,30.22
WEATHER_000,2025-12-30T00:39:26.719950,39.963882561292245,-75.1859881789188,89.62,40.48,29.85,W,1.75,29.54
WEATHER_003,2026-01-02T15:39:26.719952,39.9144501255158,-75.1859438129147,65.16,36.6,9.41,N,1.15,29.8
WEATHER_004,2025-12-31T16:39:26.719955,39.903671478794884,-75.20969134183568,93.08,61.86,27.95,NE,1.85,29.54
WEATHER_004,2026-01-02T11:39:26.719958,39.97134324831756,-75.11676704120492,92.6,67.99,11.65,SE,0.61,29.87
WEATHER_000,2026-01-02T23:39:26.719960,39.95952869202788,-75.14479864309672,69.2,67.23,6.22,NW,1.67,30.31
WEATHER_004,2025-12-30T21:39:26.719963,39.984296301902134,-75.19861464666664,63.99,63.97,23.56,NW,0.22,30.21
WEATHER_002,2025-12-31T17:39:26.719966,39.98372170810169,-75.13160472535871,62.09,48.93,25.38,SE,0.29,30.05
WEATHER_000,2026-01-04T20:39:26.719969,39.96328841833852,-75.16994634996976,90.32,77.44,5.74,SE,0.42,30.25
WEATHER_000,2025-12-30T21:39:26.719972,39.97908169045451,-75.19663176442057,73.53,55.6,27.44,E,0.57,29.53
WEATHER_000,2026-01-03T20:39:26.719975,39.91309135531466,-75.11178781320302,78.82,31.9,5.06,S,1.71,30.3
WEATHER_002,2026-01-03T21:39:26.719978,39.903063415948814,-75.19394427044534,73.68,58.82,6.73,S,1.03,29.77
WEATHER_003,2026-01-04T04:39:26.719981,39.93262746477352,-75.17800677819277,90.57,55.91,18.9,W,1.95,29.66
WEATHER_000,2025-12-31T18:39:26.719983,39.905088279711585,-75.11453527020626,58.16,37.35,10.93,N,1.2,29.83
WEATHER_004,2026-01-02T03:39:26.719986,39.95661231745082,-75.1682383748878,91.56,43.85,12.44,SW,0.51,30.27
WEATHER_002,2026-01-03T07:39:26.719989,39.98115304145339,-75.1993625970093,55.09,37.66,26.59,N,1.69,29.84
WEATHER_003,2025-12-30T03:39:26.719992,39.98437822133504,-75.18954599891055,78.59,41.91,4.89,SW,1.74,30.07
WEATHER_000,2026-01-05T11:39:26.719995,39.90635096798302,-75.20075228273835,59.94,44.17,5.72,S,0.86,30.18
WEATHER_001,2025-12-31T05:39:26.719998,39.959274131291096,-75.20071810358945,88.16,89.23,8.78,SE,1.56,29.77
WEATHER_004,2025-12-30T05:39:26.720001,39.99515934411019,-75.17938387796548,69.84,85.73,22.69,N,1.71,29.51
WEATHER_002,2026-01-03T06:39:26.720004,39.936930496229834,-75.17267278570804,89.42,75.98,17.42,NE,0.72,29.53
WEATHER_000,2025-12-29T19:39:26.720007,39.93936453286438,-75.14109562307846,66.76,68.32,18.68,NW,1.19,30.15
WEATHER_002,2026-01-01T18:39:26.720010,39.93121059655552,-75.20085779733176,52.79,56.26,26.2,SE,0.03,30.17
WEATHER_001,2025-12-31T15:39:26.720012,39.987389598429075,-75.13490106349505,85.6,31.41,26.01,SE,0.6,30.33
WEATHER_003,2026-01-01T13:39:26.720015,39.924025977146044,-75.18791376434426,69.57,31.22,7.62,E,0.67,29.74
WEATHER_002,2026-01-02T05:39:26.720018,39.98998021576211,-75.18007941881922,58.98,74.09,14.35,SW,1.98,29.85
WEATHER_001,2026-01-02T08:39:26.720021,39.96016284188223,-75.13959229127198,71.56,59.93,0.63,E,1.1,29.86
WEATHER_002,2026-01-01T00:39:26.720024,39.9559041624246,-75.19605780380404,56.01,70.77,21.21,SE,0.31,30.45
WEATHER_001,2025-12-30T23:39:26.720027,39.95078580889553,-75.1193390945246,52.6,46.37,17.1,SE,1.99,29.87
WEATHER_001,2026-01-04T05:39:26.720029,39.99216887872916,-75.18071900884804,71.11,74.68,15.43,NE,0.07,30.36
WEATHER_002,2026-01-03T22:39:26.720032,39.99470453234212,-75.1627422819518,70.99,45.41,15.88,NE,1.02,29.53
WEATHER_001,2025-12-30T06:39:26.720035,39.9368069398083,-75.14722814205095,94.45,55.79,5.63,NW,1.46,29.87
WEATHER_003,2026-01-02T12:39:26.720038,39.966465568294716,-75.12667114888635,62.55,59.76,0.42,N,0.24,29.58
WEATHER_000,2025-12-30T05:39:26.720041,39.94438546261281,-75.11225288927461,68.4,40.16,4.73,W,0.93,29.64
WEATHER_000,2026-01-02T01:39:26.720044,39.91827810950869,-75.14298894801347,58.17,30.69,9.64,SE,1.57,30.37
WEATHER_002,2026-01-03T04:39:26.720047,39.93965401787174,-75.1900201626304,52.41,87.48,7.41,NW,1.47,30.26
WEATHER_000,2025-12-30T20:39:26.720049,39.99753083186717,-75.2073093181292,75.09,74.55,29.18,S,0.58,29.67
WEATHER_004,2026-01-01T14:39:26.720052,39.98929575043262,-75.19421156156035,56.47,89.03,13.49,SE,1.25,29.82
WEATHER_004,2025-12-31T06:39:26.720055,39.98475438792148,-75.16808418231805,94.57,60.81,12.7,SW,1.05,30.23
WEATHER_002,2026-01-01T05:39:26.720058,39.9644287930669,-75.20683478122778,62.43,83.72,5.47,NW,0.29,30.18
WEATHER_000,2026-01-02T03:39:26.720061,39.95613634861078,-75.14970203048121,75.69,75.06,11.46,SE,0.31,30.08
WEATHER_004,2026-01-04T12:39:26.720064,39.97035960596135,-75.13740871407927,85.16,86.94,8.7,NW,1.87,30.17
WEATHER_001,2026-01-04T08:39:26.720067,39.99076492023396,-75.17805162206497,55.84,78.39,13.97,S,0.7,30.18
WEATHER_001,2025-12-30T16:39:26.720069,39.9934916603502,-75.17487521846964,65.96,31.85,24.29,SW,1.13,29.53
WEATHER_000,2026-01-04T03:39:26.720072,39.92367889302082,-75.1205564282399,68.8,56.51,10.41,N,0.79,30.27
WEATHER_002,2026-01-03T12:39:26.720075,39.94741865699471,-75.18929112143758,77.92,89.5,29.86,SE,1.32,30.12
WEATHER_001,2026-01-03T07:39:26.720078,39.955204813839444,-75.16675693121822,50.37,80.96,9.01,E,1.31,29.56
WEATHER_000,2026-01-03T05:39:26.720081,39.91743081680475,-75.12860253511143,56.19,81.3,14.1,SE,1.81,29.64
WEATHER_001,2026-01-02T11:39:26.720084,39.96651483727002,-75.18428393620559,82.63,32.88,8.4,SW,1.5,30.32
WEATHER_003,2026-01-01T13:39:26.720086,39.97983022777543,-75.13736520080532,53.35,60.72,26.3,E,0.89,30.4
WEATHER_003,2026-01-01T11:39:26.720090,39.923990913646485,-75.11646107700716,73.62,67.49,7.08,SW,1.86,30.48
WEATHER_001,2026-01-04T16:39:26.720092,39.952750673792856,-75.14111784014702,59.92,89.88,18.35,E,0.19,30.09
WEATHER_004,2026-01-01T03:39:26.720095,39.96908424399756,-75.17838918495113,75.1,56.94,9.8,SE,1.28,29.57
WEATHER_002,2026-01-05T08:39:26.720098,39.95605409809858,-75.19449507391563,81.4,58.77,26.98,NE,1.06,29.78
WEATHER_001,2025-12-30T05:39:26.720101,39.943244538116616,-75.2055125015127,80.73,86.66,26.18,N,1.63,29.73
WEATHER_002,2026-01-03T18:39:26.720104,39.98550214763204,-75.12756171699479,78.39,81.44,22.91,E,1.82,30.12
WEATHER_001,2025-12-31T07:39:26.720106,39.91024206004537,-75.12157229061933,50.6,52.75,21.05,S,0.62,29.64
WEATHER_000,2026-01-02T01:39:26.720109,39.95800513269259,-75.1565980437239,64.95,31.92,23.33,S,1.66,30.38
WEATHER_004,2025-12-29T17:39:26.720112,39.94075612999211,-75.1501238456845,73.51,79.89,2.68,SE,1.11,30.41
WEATHER_003,2026-01-04T12:39:26.720115,39.95428516106173,-75.16760364990455,77.67,75.3,13.1,W,0.24,29.8
WEATHER_000,2026-01-01T18:39:26.720118,39.92548141744048,-75.1555043258556,54.07,71.05,5.76,N,0.05,29.73
WEATHER_004,2025-12-30T04:39:26.720120,39.942789069206995,-75.16838047342655,83.73,73.87,13.51,NW,1.49,30.48
WEATHER_004,2026-01-05T05:39:26.720123,39.902975889366786,-75.14558941386622,75.02,67.54,13.04,SE,1.72,30.46
WEATHER_000,2026-01-04T07:39:26.720126,39.968765729871244,-75.20311155709551,58.53,47.97,4.56,NW,1.14,30.21
WEATHER_003,2025-12-31T23:39:26.720128,39.99631694769091,-75.18213726538137,68.62,70.34,25.87,S,1.75,30.41
WEATHER_004,2026-01-02T18:39:26.720132,39.91613949935336,-75.11455554492672,59.49,59.61,0.72,N,0.42,29.79
WEATHER_002,2026-01-01T06:39:26.720134,39.93192038495404,-75.2061420626294,51.19,43.64,9.22,SE,0.28,29.71
WEATHER_001,2026-01-05T08:39:26.720137,39.996158644455804,-75.1546720658405,86.14,52.44,19.24,N,1.96,29.96
WEATHER_003,2025-12-29T17:39:26.720140,39.94709699544955,-75.20638859491716,58.22,87.35,24.56,NE,0.35,29.84
WEATHER_000,2026-01-01T14:39:26.720143,39.95291893250868,-75.14133809612227,93.42,65.49,1.85,E,1.14,29.7
WEATHER_003,2026-01-03T12:39:26.720146,39.99332873149856,-75.13374497063256,56.18,69.23,7.05,S,1.39,29.98
WEATHER_004,2026-01-04T11:39:26.720149,39.92787288310805,-75.20450122279635,65.52,42.16,4.74,SW,1.05,30.27
WEATHER_000,2025-12-30T01:39:26.720152,39.96098778489287,-75.20592735929387,78.79,63.46,3.91,N,1.74,30.01
WEATHER_003,2025-12-31T05:39:26.720154,39.95949666499277,-75.16693661556823,92.78,89.68,0.92,NW,1.98,29.74
WEATHER_000,2025-12-30T12:39:26.720157,39.938818757535486,-75.15464121142787,55.81,74.0,25.89,NE,0.55,30.34
WEATHER_001,2026-01-01T14:39:26.720160,39.90070892108008,-75.18745019450505,75.83,59.13,19.29,NW,1.28,29.76
WEATHER_004,2026-01-04T19:39:26.720163,39.924047258458465,-75.11147457858517,55.43,84.17,8.36,SW,0.29,30.1
WEATHER_004,2026-01-04T19:39:26.720166,39.9942930216301,-75.11692625091757,60.97,44.72,12.86,SE,0.88,29.82
WEATHER_003,2026-01-03T02:39:26.720168,39.972309189425985,-75.16156340955668,75.54,53.16,6.97,NW,0.7,30.42
WEATHER_000,2026-01-05T06:39:26.720171,39.9614053646955,-75.12611457032612,70.9,68.37,12.79,SE,1.36,29.68
WEATHER_002,2025-12-31T16:39:26.720174,39.90034478361278,-75.20003826791455,54.35,78.51,29.38,E,1.22,29.85
WEATHER_003,2026-01-04T05:39:26.720177,39.96663748988252,-75.19179422588883,57.65,47.18,18.63,E,0.78,29.84
WEATHER_001,2026-01-05T05:39:26.720179,39.97854227453181,-75.15580899213148,90.78,82.49,24.22,N,1.2,30.36
WEATHER_001,2025-12-30T06:39:26.720182,39.92151650455987,-75.13095541386464,66.51,30.22,28.66,W,0.44,30.36
WEATHER_002,2026-01-02T17:39:26.720185,39.96366406892443,-75.16751140932824,86.04,53.29,26.8,NW,0.09,29.69
WEATHER_000,2026-01-04T01:39:26.720188,39.99388920969622,-75.12706782340875,74.49,44.88,10.2,E,0.44,29.56
WEATHER_000,2026-01-01T00:39:26.720191,39.90015170642551,-75.12912856019328,68.49,79.71,4.24,S,0.24,30.43
WEATHER_003,2026-01-01T11:39:26.720194,39.939331675838744,-75.15137540959539,92.61,54.57,23.12,SE,0.37,30.09
WEATHER_001,2026-01-03T13:39:26.720197,39.91934532914175,-75.17621262190346,51.96,77.49,8.41,SW,1.88,30.3
WEATHER_004,2026-01-02T07:39:26.720200,39.935342032258575,-75.1340367085512,91.24,63.28,27.44,SW,1.62,29.73
WEATHER_002,2026-01-04T00:39:26.720203,39.93323666387704,-75.17955158326654,85.15,86.4,21.42,E,0.67,30.06
WEATHER_000,2026-01-01T03:39:26.720205,39.904125661304924,-75.15720161974878,80.89,60.73,9.55,S,0.75,29.9
WEATHER_000,2026-01-04T11:39:26.720208,39.994417537917386,-75.11337208303256,79.49,47.18,28.99,E,0.26,30.21
WEATHER_002,2025-12-30T06:39:26.720211,39.93987107620016,-75.15980290849565,63.25,51.55,2.94,S,1.19,29.53
WEATHER_001,2026-01-04T10:39:26.720214,39.913441658400394,-75.1453653015918,87.92,78.02,4.88,N,1.04,30.07
WEATHER_001,2026-01-01T11:39:26.720216,39.92800625692185,-75.15926325875974,65.66,64.7,6.48,SE,0.73,30.27
WEATHER_001,2025-12-31T02:39:26.720219,39.98597956366985,-75.20213176789053,90.56,33.25,7.09,W,0.98,30.35
WEATHER_002,2026-01-01T18:39:26.720222,39.98766398825571,-75.20871130475999,72.42,38.31,6.9,N,0.95,30.03
WEATHER_002,2026-01-03T18:39:26.720225,39.94388410765044,-75.19602326860844,63.27,57.72,21.23,NW,0.4,30.24
WEATHER_001,2026-01-04T17:39:26.720228,39.93141170364563,-75.14097869365246,68.34,85.41,0.59,NE,1.2,29.91
WEATHER_000,2026-01-02T02:39:26.720231,39.93617683573021,-75.17636229282972,94.56,41.88,1.92,SW,1.95,29.88
WEATHER_001,2025-12-30T00:39:26.720233,39.96653398016905,-75.11155121233837,77.25,67.66,13.59,N,0.38,30.22
WEATHER_002,2025-12-31T10:39:26.720236,39.9559967821876,-75.12559943551935,81.97,54.31,11.46,E,1.73,30.44
WEATHER_000,2025-12-29T19:39:26.720239,39.97300755818227,-75.16861934287822,90.36,46.43,4.08,W,0.37,29.9
WEATHER_002,2026-01-02T17:39:26.720242,39.90578200512518,-75.11105144795906,62.45,83.77,5.69,N,1.32,29.83
WEATHER_003,2026-01-05T06:39:26.720245,39.9956627384093,-75.20548041183949,53.49,30.49,5.0,S,1.16,29.76
WEATHER_001,2026-01-04T15:39:26.720248,39.938349386613496,-75.19988998287558,51.34,34.54,8.73,SE,0.34,30.4
WEATHER_003,2025-12-29T18:39:26.720251,39.98716161452375,-75.16447905049375,60.28,53.0,0.7,E,1.93,30.25
WEATHER_002,2026-01-01T10:39:26.720253,39.92278091275634,-75.19614867155423,73.61,47.51,29.31,E,0.84,30.19
WEATHER_004,2025-12-31T02:39:26.720256,39.993198915539864,-75.1608634448539,70.48,71.32,2.93,NW,1.5,30.43
WEATHER_004,2025-12-31T10:39:26.720259,39.95524414890344,-75.1135465608189,69.88,73.03,12.83,NE,0.74,30.05
WEATHER_004,2026-01-02T03:39:26.720262,39.9266394744044,-75.13527298695784,92.25,40.5,4.77,N,1.1,30.14
WEATHER_002,2026-01-05T01:39:26.720265,39.90265540473521,-75.18037159494637,94.22,72.37,5.69,NW,1.73,30.41
WEATHER_003,2026-01-02T05:39:26.720267,39.91426861966833,-75.1983074162437,92.62,69.84,9.88,NW,0.11,30.19
WEATHER_004,2026-01-04T07:39:26.720270,39.91768209429637,-75.13114461616783,84.72,35.3,18.73,SW,1.63,29.75
WEATHER_004,2025-12-29T22:39:26.720273,39.95827230016234,-75.14222367044515,64.02,70.81,18.36,SE,1.64,29.66
WEATHER_001,2026-01-03T23:39:26.720276,39.95583077895171,-75.13831789587687,88.75,78.15,2.83,E,0.87,29.52
WEATHER_002,2026-01-05T06:39:26.720279,39.92352646048476,-75.17200650348089,59.85,62.54,19.86,SW,0.99,30.24
WEATHER_004,2026-01-01T07:39:26.720282,39.90571981794989,-75.16139644031942,78.09,40.67,4.44,SE,0.82,29.76
WEATHER_000,2025-12-31T16:39:26.720285,39.96906144121186,-75.12122254238628,85.09,54.5,0.4,N,1.31,29.52
WEATHER_003,2026-01-05T02:39:26.720288,39.90729165270147,-75.17893966436144,59.01,35.13,5.33,S,0.26,30.3
WEATHER_000,2026-01-04T08:39:26.720291,39.90746657307812,-75.19408680571044,68.03,74.16,16.06,NE,0.9,29.81
WEATHER_004,2026-01-05T11:39:26.720294,39.98921089973097,-75.13163180582727,71.46,36.08,2.73,SW,1.02,30.07
WEATHER_000,2025-12-29T23:39:26.720296,39.98085071237847,-75.1540198169968,57.06,70.41,0.88,N,0.2,30.38
WEATHER_002,2026-01-04T13:39:26.720299,39.94174469503689,-75.204743040983,64.66,62.02,28.36,S,1.89,29.88
WEATHER_004,2026-01-01T13:39:26.720302,39.909175126801046,-75.17558150030284,58.29,83.45,18.45,E,0.6,29.61
WEATHER_002,2026-01-01T04:39:26.720305,39.900880042303,-75.12623751238633,87.44,77.51,26.52,S,0.26,30.33
WEATHER_003,2026-01-05T05:39:26.720307,39.90704716681268,-75.18174536382642,74.5,42.1,27.27,NE,0.7,30.26
WEATHER_004,2025-12-30T17:39:26.720310,39.958169143136544,-75.13329006022234,86.82,79.79,3.32,E,0.8,30.4
WEATHER_001,2026-01-04T22:39:26.720313,39.91723155254161,-75.17327317925145,59.24,82.15,24.95,NE,0.2,29.61
WEATHER_003,2025-12-31T19:39:26.720316,39.93089140646756,-75.13879156184893,80.06,55.59,27.93,N,1.38,30.26
WEATHER_004,2026-01-03T23:39:26.720319,39.90834335610567,-75.18637781092664,76.85,56.97,12.81,S,0.04,30.11
WEATHER_003,2025-12-31T08:39:26.720322,39.96582507543392,-75.13676538670325,91.81,85.28,21.44,SE,0.43,30.36
WEATHER_001,2025-12-29T21:39:26.720324,39.97382746644006,-75.19649935968998,74.18,74.0,21.7,W,0.03,29.7
WEATHER_000,2026-01-02T04:39:26.720327,39.94905183571253,-75.20240047745209,91.85,69.61,1.57,E,1.97,29.99
WEATHER_004,2025-12-30T06:39:26.720330,39.92461080959805,-75.11723127744277,90.24,52.08,2.93,S,1.5,29.77
WEATHER_003,2026-01-01T04:39:26.720333,39.911857611437135,-75.16699308136434,70.68,47.03,1.12,W,1.41,30.24
WEATHER_003,2026-01-04T18:39:26.720336,39.932531347398864,-75.13397358388593,64.37,84.49,18.14,S,0.72,29.9
WEATHER_003,2026-01-01T13:39:26.720339,39.995140115141545,-75.17178587498469,60.54,73.7,28.4,W,0.77,30.21
WEATHER_000,2026-01-02T02:39:26.720341,39.95390316260319,-75.17171384010746,54.9,83.74,11.08,S,0.48,30.26
WEATHER_001,2026-01-01T23:39:26.720344,39.96746710669583,-75.12263439352805,62.06,85.01,7.16,S,1.48,29.81
WEATHER_000,2026-01-01T18:39:26.720347,39.92364123124544,-75.18114654265165,64.73,41.17,15.74,SE,0.41,29.72
WEATHER_000,2026-01-03T10:39:26.720350,39.9571347254882,-75.11951542782958,69.5,66.21,0.7,W,0.7,30.41
WEATHER_000,2026-01-04T05:39:26.720353,39.98481822227924,-75.1911079671618,58.8,54.03,12.27,N,1.05,29.83
WEATHER_000,2026-01-03T14:39:26.720356,39.91072743799695,-75.16058150019767,81.7,61.06,22.61,NW,0.79,29.98
WEATHER_004,2025-12-31T17:39:26.720358,39.97636796028329,-75.11382980693026,64.28,58.11,16.62,NW,1.01,30.2
WEATHER_002,2026-01-01T08:39:26.720361,39.92520776454849,-75.2072992886614,59.39,79.38,29.87,N,0.33,29.94
WEATHER_001,2025-12-31T22:39:26.720364,39.94660959931203,-75.15286449453085,81.65,74.89,4.85,S,1.87,29.95
WEATHER_004,2025-12-29T21:39:26.720367,39.99552381574253,-75.20787449324489,84.75,50.02,17.9,S,0.71,30.17
WEATHER_004,2026-01-03T01:39:26.720370,39.90367842318113,-75.13984431735985,58.38,35.62,5.93,SE,0.3,30.27
WEATHER_000,2026-01-03T14:39:26.720373,39.97272518726787,-75.11503504146641,52.56,60.39,21.53,N,0.86,30.44
WEATHER_001,2026-01-03T14:39:26.720375,39.90127410406261,-75.13255370200892,53.5,60.6,9.39,E,0.15,29.94
WEATHER_002,2026-01-04T18:39:26.720378,39.99196583316977,-75.11393704037309,77.8,79.68,18.5,SW,1.54,30.41
WEATHER_001,2025-12-31T19:39:26.720381,39.97711776974089,-75.1162427373804,76.12,33.68,27.4,NE,0.96,29.61
WEATHER_000,2026-01-05T15:39:26.720384,39.98259245977153,-75.11764339896796,77.62,80.22,20.56,W,1.42,29.54
WEATHER_002,2026-01-01T03:39:26.720387,39.938404610132935,-75.16998140416462,64.47,35.85,3.12,N,1.89,29.56
WEATHER_004,2026-01-01T09:39:26.720390,39.91525584347418,-75.15932652063046,84.87,54.36,7.02,SW,0.21,29.71
WEATHER_002,2026-01-04T22:39:26.720392,39.98902369357166,-75.17081012898115,94.25,53.21,20.6,E,0.81,30.17
WEATHER_002,2025-12-30T17:39:26.720395,39.975371336669944,-75.19765904104815,57.82,55.37,19.34,W,1.54,29.71
WEATHER_003,2026-01-01T15:39:26.720398,39.907989483112175,-75.1685408824931,83.55,52.87,9.34,E,1.69,30.01
WEATHER_003,2026-01-02T13:39:26.720400,39.94376355447684,-75.17528793838284,67.77,78.9,21.99,SE,0.78,29.73
WEATHER_002,2026-01-04T11:39:26.720403,39.97321535952861,-75.19346989206169,75.72,60.78,26.89,SE,1.4,30.34
WEATHER_000,2025-12-30T18:39:26.720406,39.97724074658681,-75.13257377280424,94.87,80.6,28.95,S,0.31,29.75
WEATHER_000,2025-12-29T22:39:26.720409,39.90423543169634,-75.17098873146972,74.97,46.33,15.3,E,1.56,29.79
WEATHER_003,2025-12-31T22:39:26.720412,39.97790407916372,-75.16252044662076,85.96,47.31,12.68,NW,0.32,29.6
WEATHER_003,2026-01-01T09:39:26.720415,39.95424371586499,-75.12657040122747,50.38,73.06,9.42,W,0.67,29.92
WEATHER_004,2025-12-31T13:39:26.720417,39.91764760790335,-75.16914417379321,57.85,64.4,24.55,NW,0.5,30.33
WEATHER_000,2026-01-05T05:39:26.720420,39.98829886171025,-75.127274412502,51.13,71.42,6.75,E,0.63,30.15
WEATHER_000,2026-01-05T07:39:26.720423,39.925512657925836,-75.15978094760608,85.93,77.66,17.35,W,0.2,29.88
WEATHER_000,2025-12-30T02:39:26.720425,39.94856220668067,-75.16466395867053,68.86,42.76,18.0,SW,1.92,29.62
WEATHER_003,2026-01-05T07:39:26.720428,39.96770870932664,-75.11725240788682,52.96,76.18,29.05,W,1.75,30.42
WEATHER_004,2026-01-04T20:39:26.720431,39.93679130219203,-75.18033403538422,58.92,77.91,17.45,SE,0.19,30.09
WEATHER_001,2025-12-31T23:39:26.720434,39.923176646830576,-75.12117133219573,52.57,86.58,23.9,SW,0.54,29.55
WEATHER_004,2026-01-02T13:39:26.720437,39.966260064135874,-75.14642340888666,59.18,82.44,0.37,E,1.34,30.3
WEATHER_003,2025-12-31T01:39:26.720439,39.993403358080116,-75.11319361999809,78.39,52.54,25.65,S,1.87,29.62
WEATHER_000,2026-01-03T03:39:26.720442,39.93624946648694,-75.16238757154497,91.83,81.4,15.03,W,1.46,29.64
WEATHER_002,2026-01-05T11:39:26.720445,39.932346969695,-75.14486053045196,52.43,60.19,10.84,E,1.45,29.65
WEATHER_004,2025-12-31T16:39:26.720448,39.9751300987304,-75.12498497292034,68.14,31.59,5.63,NE,0.0,29.75
WEATHER_003,2026-01-03T11:39:26.720451,39.99470917419411,-75.15808947804187,78.68,81.98,22.59,S,0.51,30.24
WEATHER_003,2026-01-04T19:39:26.720454,39.95580202635317,-75.1825657113494,78.46,61.16,1.48,E,0.03,30.37
WEATHER_003,2026-01-02T03:39:26.720457,39.915727855422844,-75.13950984720731,71.82,36.96,12.75,NW,1.16,30.33
WEATHER_004,2026-01-01T05:39:26.720460,39.97305671450988,-75.20765537603434,60.09,33.98,11.63,E,1.2,30.28
WEATHER_001,2026-01-03T03:39:26.720462,39.90579110150968,-75.18338236557949,50.63,58.44,26.17,SW,1.82,30.43
WEATHER_003,2026-01-04T03:39:26.720465,39.97770788446403,-75.18704242625728,57.61,57.62,19.47,NE,0.96,30.4
WEATHER_003,2025-12-31T17:39:26.720468,39.92950075574714,-75.17595572430994,52.9,34.19,7.76,N,1.28,30.38
WEATHER_001,2025-12-30T14:39:26.720471,39.99331504527348,-75.20852377602358,54.37,76.71,18.31,SE,1.25,29.92
WEATHER_001,2026-01-05T12:39:26.720473,39.92429221715745,-75.18756798068293,94.3,51.03,23.56,SE,0.71,30.38
WEATHER_004,2026-01-05T12:39:26.720476,39.99783958329544,-75.14961138670381,54.63,51.21,7.85,SW,0.43,30.33
WEATHER_004,2026-01-04T16:39:26.720479,39.999276664766086,-75.14936782219628,66.2,38.43,10.86,N,0.64,29.95
WEATHER_001,2026-01-03T12:39:26.720482,39.92469075232271,-75.20921769324626,58.34,35.5,9.76,E,1.36,29.81
WEATHER_003,2025-12-31T21:39:26.720484,39.99745109112867,-75.13846213843594,57.5,41.68,6.14,NE,1.49,29.56
WEATHER_000,2026-01-01T08:39:26.720487,39.91479307827181,-75.11990216994822,61.63,66.15,18.62,NE,0.97,29.61
WEATHER_004,2026-01-01T10:39:26.720490,39.972565642123925,-75.12126046564875,61.11,64.69,1.59,S,1.55,30.35
WEATHER_000,2026-01-01T13:39:26.720493,39.999929706602586,-75.13174559738572,90.24,30.13,18.43,E,0.96,30.04
WEATHER_003,2026-01-01T04:39:26.720496,39.93819884055525,-75.14165498477858,67.0,89.17,25.64,N,1.09,30.06
WEATHER_000,2026-01-02T00:39:26.720498,39.961287185034095,-75.17753605686926,73.71,56.42,2.97,S,0.67,29.65
WEATHER_002,2025-12-31T23:39:26.720501,39.96151379319836,-75.15578305026176,67.71,71.55,17.67,W,1.71,30.12
WEATHER_003,2026-01-03T09:39:26.720504,39.951439503733326,-75.12798573980436,59.25,42.56,26.42,S,0.29,29.94
WEATHER_004,2026-01-04T10:39:26.720507,39.97692892357034,-75.2051921347983,70.8,51.33,17.42,S,1.52,30.01
WEATHER_002,2026-01-01T16:39:26.720509,39.92194976435969,-75.13275483089635,65.86,74.12,17.74,S,0.79,30.44
WEATHER_002,2025-12-31T00:39:26.720512,39.95475266413096,-75.12146921904441,69.13,74.51,21.89,N,1.66,29.51
WEATHER_004,2026-01-01T08:39:26.720515,39.97544227511776,-75.11343591909339,86.19,82.28,21.67,SW,1.54,29.71
WEATHER_002,2025-12-29T21:39:26.720518,39.95627184979963,-75.18459277953662,85.24,77.29,7.83,NE,1.08,29.95
WEATHER_000,2025-12-31T00:39:26.720521,39.93370447765081,-75.12911203536432,65.95,50.69,0.6,NW,0.56,29.75
WEATHER_002,2025-12-30T00:39:26.720523,39.91520700052813,-75.18858305335601,77.63,63.16,23.56,NW,0.23,29.98
WEATHER_000,2025-12-30T04:39:26.720526,39.98640737411928,-75.13333105129422,50.75,52.85,21.36,SE,1.04,29.53
WEATHER_001,2026-01-03T06:39:26.720529,39.954554482084944,-75.1631830365449,83.67,33.6,24.5,SW,1.54,29.88
WEATHER_004,2026-01-04T06:39:26.720532,39.91066585471674,-75.15853564187918,80.55,48.47,22.72,SW,1.08,29.81
WEATHER_000,2026-01-01T09:39:26.720535,39.90112478912809,-75.20691745560273,77.12,87.48,27.33,NW,1.82,30.11
WEATHER_000,2026-01-02T11:39:26.720537,39.90797670309772,-75.20381086872835,70.35,43.11,3.64,SW,1.77,29.75
WEATHER_000,2025-12-30T01:39:26.720540,39.90985644451016,-75.1303353759943,52.86,40.11,13.07,SE,0.65,29.89
WEATHER_002,2025-12-30T22:39:26.720543,39.93127695222975,-75.20644238070183,67.58,32.42,10.55,E,1.33,30.0
WEATHER_001,2026-01-04T09:39:26.720546,39.9016310672091,-75.18374265105605,71.39,63.91,19.6,NE,1.17,30.17
WEATHER_004,2026-01-01T01:39:26.720549,39.93949566080585,-75.13958979061186,69.87,49.63,18.01,E,1.72,29.82
WEATHER_001,2026-01-04T08:39:26.720552,39.927886739801224,-75.12466430015047,80.04,30.61,20.89,SE,0.98,30.13
WEATHER_003,2026-01-01T09:39:26.720554,39.945764739761124,-75.1294844884343,52.46,54.43,18.3,S,0.19,29.69
WEATHER_001,2026-01-01T15:39:26.720557,39.918669471616205,-75.14312489967065,79.46,87.95,24.26,W,1.44,29.54
WEATHER_001,2026-01-03T14:39:26.720560,39.905415923381646,-75.14778203124717,85.71,30.63,28.52,NE,0.34,29.94
WEATHER_004,2026-01-03T01:39:26.720563,39.99605937380237,-75.17129158898771,69.15,44.54,6.92,E,0.64,30.05
WEATHER_004,2026-01-01T13:39:26.720566,39.918774178931976,-75.1367023639672,69.43,33.7,3.32,NE,1.24,30.19
WEATHER_004,2026-01-04T06:39:26.720568,39.972762020916726,-75.20274799300078,80.17,36.22,18.9,NE,1.54,29.61
WEATHER_003,2026-01-02T21:39:26.720571,39.93448820604182,-75.11746581274187,52.87,41.75,30.0,NE,0.87,29.74
WEATHER_001,2026-01-02T03:39:26.720574,39.92641787641135,-75.15661584094221,82.32,56.07,13.8,SE,1.41,30.37
WEATHER_004,2025-12-30T15:39:26.720577,39.91690793237275,-75.20300300701977,76.58,30.28,27.03,W,0.87,30.22
WEATHER_000,2026-01-03T18:39:26.720579,39.97324367500498,-75.1348479947434,88.24,61.44,13.83,E,1.21,29.62
WEATHER_000,2026-01-04T21:39:26.720583,39.9425721970972,-75.18205565916298,80.28,60.75,11.8,NW,0.83,29.82
WEATHER_001,2025-12-31T14:39:26.720586,39.97439419783204,-75.13298994678729,73.25,67.37,18.73,NW,1.68,29.87
WEATHER_000,2026-01-05T17:39:26.720589,39.960528574954616,-75.15774334810227,83.91,36.49,16.8,S,0.32,30.15
WEATHER_000,2026-01-03T17:39:26.720592,39.90456122561838,-75.16229394950734,55.43,44.53,10.62,E,1.68,30.05
WEATHER_002,2026-01-04T07:39:26.720595,39.996477936081526,-75.11830192667938,61.07,38.38,14.71,NW,1.38,30.08
WEATHER_004,2025-12-31T20:39:26.720598,39.90273273407048,-75.20748158210708,85.04,54.11,29.3,W,1.13,30.21
WEATHER_001,2026-01-04T01:39:26.720600,39.93766229695774,-75.14486969876054,60.34,62.49,22.79,NW,1.22,30.0
WEATHER_002,2026-01-02T13:39:26.720603,39.90516819175885,-75.15885415379836,56.18,78.26,17.46,SW,1.49,30.23
WEATHER_001,2026-01-01T02:39:26.720606,39.90837443520575,-75.19647741121189,91.15,47.14,27.12,E,0.69,30.08
WEATHER_003,2026-01-04T12:39:26.720609,39.98258981914472,-75.18786640157616,81.18,40.35,13.96,NW,0.75,29.92
WEATHER_001,2025-12-31T08:39:26.720611,39.94225431126199,-75.12362304330024,81.03,35.69,29.95,N,1.6,29.93
WEATHER_002,2026-01-04T04:39:26.720614,39.95961895503938,-75.1437939582326,93.58,54.94,8.67,S,0.79,30.17
WEATHER_001,2025-12-30T13:39:26.720617,39.90559448253064,-75.20946515416595,50.36,66.93,11.14,SE,1.26,29.93
WEATHER_001,2026-01-02T08:39:26.720620,39.95035439685772,-75.12454761551929,54.74,48.17,20.15,SE,1.64,29.79
WEATHER_003,2025-12-30T16:39:26.720623,39.92661840400074,-75.11287856133875,91.69,37.03,0.09,SW,0.18,29.69
WEATHER_003,2026-01-05T12:39:26.720625,39.91983040683699,-75.13378156803937,67.31,75.87,29.36,SE,1.06,30.35
WEATHER_001,2025-12-29T23:39:26.720628,39.924530941006374,-75.20916082262728,77.49,77.31,21.11,NW,0.71,29.52
WEATHER_004,2026-01-05T12:39:26.720631,39.9623706115035,-75.19900508008008,68.33,30.15,12.49,N,0.6,29.67
WEATHER_004,2026-01-03T05:39:26.720634,39.91348506295953,-75.14581500094941,86.51,53.96,23.64,W,1.91,29.94
WEATHER_003,2025-12-31T14:39:26.720637,39.91408227494299,-75.1509838112292,87.75,30.68,25.85,E,1.85,30.48
WEATHER_001,2026-01-02T12:39:26.720640,39.9530806843519,-75.1424499240517,54.8,60.1,3.5,W,1.76,30.18
WEATHER_001,2026-01-02T05:39:26.720643,39.935932266875966,-75.17409979281805,84.73,45.2,28.75,NW,1.97,30.41
WEATHER_002,2026-01-01T14:39:26.720645,39.96304010480918,-75.20053455003536,90.71,33.66,3.66,N,1.34,29.71
WEATHER_000,2025-12-30T07:39:26.720648,39.9254229526431,-75.15003345349943,82.41,58.67,18.67,NW,1.26,30.07
WEATHER_003,2026-01-03T03:39:26.720651,39.900231651714705,-75.18124979897169,93.01,62.88,17.57,NE,0.54,30.17
WEATHER_003,2026-01-02T03:39:26.720654,39.92343592061339,-75.18550462675607,89.8,63.65,25.34,W,1.22,29.58
WEATHER_002,2026-01-02T01:39:26.720656,39.92052892404313,-75.19839817445369,62.83,44.9,12.42,NE,0.74,30.44
WEATHER_004,2026-01-05T15:39:26.720659,39.9806815501498,-75.15361607878597,57.87,66.19,14.94,SW,0.17,29.7
WEATHER_003,2025-12-31T03:39:26.720662,39.92121313702303,-75.12795811808398,54.89,80.63,23.83,SE,1.73,29.59
WEATHER_000,2025-12-30T23:39:26.720664,39.991737042107836,-75.16208482984955,69.62,64.04,14.5,E,0.05,29.6
WEATHER_000,2026-01-05T03:39:26.720667,39.95270371426022,-75.13743045535968,83.16,60.96,13.9,NE,0.51,30.34
WEATHER_004,2025-12-30T07:39:26.720670,39.90197529352352,-75.14444001937329,90.19,76.98,3.06,NE,0.45,29.93
WEATHER_002,2026-01-01T20:39:26.720673,39.938551179223744,-75.2070158919214,78.89,65.84,19.06,SE,0.98,30.28
WEATHER_003,2025-12-31T07:39:26.720675,39.94926789930188,-75.20041085111318,63.38,85.96,16.46,NE,0.78,30.37
WEATHER_004,2025-12-29T22:39:26.720678,39.95656431074603,-75.15878453060878,60.13,51.44,5.5,SE,0.2,30.03
WEATHER_004,2025-12-30T06:39:26.720681,39.98768503611065,-75.19089013197127,70.72,34.6,15.65,NW,0.42,30.39
WEATHER_004,2026-01-05T01:39:26.720684,39.97058674749429,-75.18629044964102,57.04,43.57,25.43,S,0.47,30.48
WEATHER_003,2026-01-02T03:39:26.720687,39.941596819899495,-75.15561125387819,50.52,54.25,0.6,S,1.95,30.33
WEATHER_000,2025-12-30T12:39:26.720689,39.97921477986275,-75.19011001500719,59.53,48.65,6.06,S,0.11,30.2
WEATHER_002,2026-01-03T14:39:26.720692,39.91943922668332,-75.20912235899382,55.2,31.9,7.3,N,0.92,29.6
WEATHER_001,2026-01-01T09:39:26.720695,39.93166506475499,-75.12880526094169,84.67,67.75,5.0,W,0.74,29.64
WEATHER_003,2025-12-29T18:39:26.720698,39.984213678873715,-75.17972007296257,55.96,40.77,4.81,N,0.14,30.15
WEATHER_002,2025-12-31T11:39:26.720701,39.94069983518065,-75.11554499502445,68.35,37.72,11.29,S,1.08,30.34
WEATHER_004,2026-01-04T09:39:26.720703,39.90412177384427,-75.14431821513426,55.29,42.16,21.72,NW,1.74,29.82
WEATHER_002,2026-01-02T22:39:26.720706,39.912699255997694,-75.11387809989567,80.07,42.33,0.56,S,0.84,30.35
WEATHER_002,2026-01-04T10:39:26.720709,39.91810360976919,-75.199630403939,52.71,66.83,6.65,SE,0.88,30.0
WEATHER_001,2025-12-30T21:39:26.720712,39.93504653049727,-75.12725242236262,65.68,86.06,0.48,N,1.42,29.83
WEATHER_004,2026-01-02T07:39:26.720715,39.994619958726545,-75.15985004366985,60.91,59.78,21.69,E,0.96,30.48
WEATHER_000,2025-12-29T23:39:26.720718,39.99984818502523,-75.17772290796228,62.31,40.37,12.48,E,0.7,30.02
WEATHER_000,2026-01-01T16:39:26.720721,39.94142312184752,-75.11966134985502,78.86,43.7,19.85,SW,1.7,30.17
WEATHER_001,2025-12-30T15:39:26.720724,39.963492609443854,-75.14445598118105,66.79,45.85,4.6,SW,0.41,29.75
WEATHER_001,2025-12-31T21:39:26.720726,39.95938112263448,-75.15580103195317,87.41,58.37,22.62,W,1.16,30.45
WEATHER_000,2026-01-02T22:39:26.720729,39.93454534472551,-75.14725313758548,94.79,85.14,6.03,W,1.59,30.33
WEATHER_002,2026-01-01T10:39:26.720732,39.93972962146954,-75.16274376772859,91.75,82.22,17.58,E,1.27,29.92
WEATHER_004,2025-12-31T00:39:26.720735,39.90432635171312,-75.13026183008164,71.18,78.64,6.25,N,1.55,30.46
WEATHER_004,2026-01-05T13:39:26.720737,39.91490349776692,-75.17021780596505,75.57,40.49,1.83,SE,1.12,29.73
WEATHER_004,2025-12-30T04:39:26.720740,39.98081889268716,-75.15539886315904,52.13,58.29,0.53,E,0.87,30.42
WEATHER_004,2026-01-01T00:39:26.720743,39.906463917842096,-75.12118323953733,54.77,79.09,25.98,NW,1.26,29.82
WEATHER_000,2025-12-29T17:39:26.720746,39.939030908708276,-75.15637177478624,51.69,81.29,24.2,NW,0.4,30.09
WEATHER_003,2026-01-04T23:39:26.720749,39.93933184640733,-75.156937532508,55.97,56.34,8.51,E,1.44,29.6
WEATHER_002,2025-12-29T17:39:26.720752,39.931670286382705,-75.19846213019558,64.34,66.07,13.89,E,0.6,29.88
WEATHER_000,2026-01-01T21:39:26.720754,39.934763387909456,-75.17849138030171,55.82,45.35,16.6,SE,0.35,30.29
WEATHER_001,2026-01-03T23:39:26.720757,39.996856641949556,-75.1219732653382,60.05,50.5,25.8,E,0.76,29.65
WEATHER_002,2025-12-31T09:39:26.720760,39.926117836024936,-75.16095836304055,54.99,76.2,6.39,S,1.34,30.4
WEATHER_004,2025-12-29T23:39:26.720763,39.971573416772515,-75.1536058774008,58.07,83.63,12.91,SE,1.0,29.6
WEATHER_003,2026-01-01T20:39:26.720766,39.94727048055527,-75.1322475291249,73.12,40.09,23.16,E,0.65,30.06
WEATHER_002,2026-01-03T12:39:26.720769,39.95343652923897,-75.1260915858862,88.77,68.66,7.11,SW,0.11,30.33
WEATHER_003,2026-01-04T01:39:26.720771,39.965623840679655,-75.20835177469047,77.89,86.29,0.44,NE,1.95,30.46
WEATHER_004,2026-01-01T07:39:26.720774,39.99866171956398,-75.18135878946558,66.18,79.36,23.74,NE,0.53,30.36
WEATHER_001,2026-01-02T03:39:26.720777,39.909525252554054,-75.12893894831433,65.68,59.4,17.99,SW,0.88,30.16
WEATHER_003,2026-01-04T01:39:26.720780,39.94789522697558,-75.19629798207272,90.87,52.01,22.77,W,0.24,30.32
WEATHER_001,2025-12-31T17:39:26.720783,39.91999160778429,-75.18167336708856,94.98,65.32,22.09,S,0.81,30.04
WEATHER_004,2026-01-02T09:39:26.720785,39.9376898425351,-75.16611720691134,75.55,80.84,16.23,W,0.75,30.11
WEATHER_004,2026-01-02T17:39:26.720788,39.93981526034023,-75.18649777172631,73.01,58.41,23.17,SE,1.64,30.24
WEATHER_001,2026-01-05T16:39:26.720791,39.92331668322566,-75.19159740170458,79.08,60.88,1.13,SW,1.79,30.36
WEATHER_002,2025-12-31T00:39:26.720794,39.99753949724608,-75.1267396025557,52.81,41.74,0.67,E,0.04,30.35
WEATHER_002,2026-01-04T17:39:26.720796,39.98173052326729,-75.1185371874953,76.9,72.62,4.57,W,0.34,29.53
WEATHER_002,2025-12-29T21:39:26.720799,39.96338260908207,-75.14243018885806,94.52,70.79,19.06,S,0.7,29.96
WEATHER_001,2026-01-02T18:39:26.720802,39.98620136052719,-75.12827387415112,79.48,50.72,11.17,NW,1.1,29.9
WEATHER_003,2026-01-04T04:39:26.720805,39.91595076646144,-75.17657835550406,83.93,60.36,8.4,S,1.32,30.27
WEATHER_004,2026-01-01T06:39:26.720808,39.90367464856598,-75.18244930621663,60.98,61.45,4.38,S,0.42,29.97
WEATHER_003,2025-12-30T17:39:26.720811,39.958783811786034,-75.20805472030716,52.94,35.36,9.96,S,1.69,30.23
WEATHER_004,2026-01-05T11:39:26.720813,39.90887941411705,-75.17412051627169,65.69,53.73,8.26,NE,1.21,30.34
WEATHER_003,2026-01-04T10:39:26.720816,39.923693556840135,-75.14789780084813,82.93,45.53,13.89,E,0.04,29.75
WEATHER_003,2026-01-03T19:39:26.720819,39.92294529401067,-75.12972500474575,66.66,44.92,4.87,W,0.91,29.66
WEATHER_001,2026-01-04T08:39:26.720822,39.940178306026205,-75.15766392925374,54.3,72.27,19.57,E,0.11,30.01
WEATHER_000,2026-01-04T07:39:26.720825,39.9464666968476,-75.11339464305567,69.98,35.91,27.42,SE,1.54,29.82
WEATHER_002,2026-01-04T06:39:26.720828,39.95105639116025,-75.17045071461506,80.18,68.74,1.14,N,0.21,30.47
WEATHER_002,2026-01-03T23:39:26.720830,39.97501805663955,-75.19099614381993,59.45,49.77,10.47,SE,0.27,29.71
WEATHER_002,2025-12-31T06:39:26.720833,39.92751940140559,-75.14056781111154,52.57,85.75,14.57,SE,1.32,30.35
WEATHER_001,2026-01-02T10:39:26.720836,39.960333355027196,-75.11824092136389,83.58,39.71,11.17,NW,1.69,29.86
WEATHER_004,2026-01-01T04:39:26.720839,39.9289403571184,-75.18304350695757,58.45,54.42,16.29,N,0.93,30.13
WEATHER_004,2026-01-03T03:39:26.720842,39.998788830682386,-75.15132285955069,54.62,43.17,14.74,E,0.78,30.1
WEATHER_000,2026-01-05T13:39:26.720845,39.977778753886376,-75.19604683458229,86.63,30.58,15.1,N,0.38,30.37
WEATHER_002,2026-01-03T19:39:26.720848,39.98328268639716,-75.1200109129144,72.5,49.1,6.07,NE,0.13,30.34
WEATHER_000,2026-01-04T02:39:26.720850,39.95575437030579,-75.20067684108832,85.34,81.47,3.27,NW,1.6,29.9
WEATHER_000,2026-01-01T09:39:26.720853,39.932867052558485,-75.16633024904004,71.39,87.03,0.66,NW,0.73,29.76
WEATHER_002,2026-01-03T16:39:26.720856,39.99131663261162,-75.1586453081618,86.93,34.93,21.55,NE,1.25,29.59
WEATHER_002,2026-01-02T21:39:26.720859,39.903805494674714,-75.16416625246852,76.33,50.26,18.52,E,0.88,30.44
WEATHER_001,2026-01-05T05:39:26.720861,39.92229176080486,-75.18928169973731,53.18,87.57,23.51,NE,0.05,30.21
WEATHER_000,2026-01-02T11:39:26.720864,39.9299028160823,-75.11418647779668,55.67,73.6,5.33,N,0.71,30.2
WEATHER_003,2025-12-30T04:39:26.720867,39.99341746530759,-75.11909038653172,86.43,68.73,24.47,SE,0.71,29.8
WEATHER_000,2025-12-30T14:39:26.720870,39.95629043988515,-75.13886816756356,91.12,30.48,17.09,NE,0.29,30.45
WEATHER_003,2026-01-01T02:39:26.720873,39.96275131364817,-75.16593559897578,64.73,38.52,8.6,S,0.68,30.16
WEATHER_000,2026-01-02T21:39:26.720875,39.995657072918284,-75.1423202033286,73.87,70.68,14.93,NE,0.68,30.27
WEATHER_001,2025-12-30T14:39:26.720878,39.98271924842341,-75.16439409411011,79.6,37.62,27.34,E,1.52,30.21
WEATHER_003,2026-01-05T00:39:26.720881,39.96335591338344,-75.17016119596448,66.43,79.11,7.08,NE,0.29,30.2
WEATHER_000,2026-01-01T15:39:26.720884,39.99432421462224,-75.13283877292889,66.23,39.12,18.69,SW,0.67,29.52
WEATHER_001,2026-01-04T13:39:26.720887,39.95959759208786,-75.18840791222573,58.57,41.62,17.84,N,1.43,30.27
WEATHER_001,2026-01-02T17:39:26.720890,39.934470160946745,-75.15957557277909,74.2,30.79,5.37,S,0.05,29.81
WEATHER_000,2026-01-01T05:39:26.720892,39.99625022043898,-75.18594161178693,51.17,36.18,4.08,SW,1.27,30.47
WEATHER_000,2025-12-31T00:39:26.720895,39.95028565585675,-75.19729759555234,60.25,52.34,2.19,NW,1.36,30.08
WEATHER_004,2026-01-04T05:39:26.720898,39.945813906650464,-75.12477612156165,71.91,75.23,7.37,E,1.31,29.79
WEATHER_002,2026-01-02T06:39:26.720901,39.93688495243202,-75.15073512030521,55.66,89.2,21.16,SW,0.55,29.61
WEATHER_003,2026-01-01T09:39:26.720904,39.93976852959579,-75.144440086136,76.53,41.62,17.28,N,1.37,29.88
WEATHER_003,2026-01-01T18:39:26.720906,39.98478034575437,-75.16089871439164,75.62,76.82,8.17,S,0.06,29.75
WEATHER_002,2025-12-31T11:39:26.720909,39.91998844691911,-75.165731343504,74.73,67.42,22.49,S,0.12,30.25
WEATHER_001,2025-12-31T21:39:26.720912,39.99720937732209,-75.13609253789103,72.5,84.7,14.73,NW,1.2,29.66
WEATHER_003,2025-12-31T03:39:26.720915,39.94057936204276,-75.12836242579749,83.8,86.2,27.42,NE,1.91,29.83
WEATHER_003,2026-01-05T02:39:26.720918,39.98816947534184,-75.13504666669452,85.18,42.19,2.08,NE,1.46,29.78
WEATHER_002,2026-01-02T12:39:26.720921,39.98037490121252,-75.16359671897787,51.9,46.89,6.62,SW,1.77,30.28
WEATHER_003,2025-12-31T14:39:26.720923,39.973188164810544,-75.11941071493078,73.12,31.29,2.46,E,1.22,30.34
WEATHER_003,2026-01-03T02:39:26.720926,39.90055642930996,-75.14843793074122,74.76,87.78,2.36,NW,0.08,29.58
WEATHER_002,2025-12-30T06:39:26.720929,39.970792963065286,-75.16324095886932,62.65,36.41,12.59,N,1.41,29.65
WEATHER_002,2025-12-30T12:39:26.720932,39.9373882764915,-75.1443615035427,77.25,86.3,13.61,SW,1.42,30.23
WEATHER_003,2026-01-01T22:39:26.720935,39.9016364121826,-75.14276962256713,58.19,43.33,25.63,NE,0.46,30.24
WEATHER_004,2026-01-03T05:39:26.720937,39.92621786459876,-75.19618331863275,67.62,59.65,0.66,N,0.74,29.6
WEATHER_004,2025-12-31T15:39:26.720940,39.9351765364016,-75.19338538660973,50.02,87.59,8.46,NE,1.75,29.66
WEATHER_003,2026-01-03T05:39:26.720943,39.983031245918355,-75.14047023398153,54.18,79.51,29.08,S,0.94,30.09
WEATHER_004,2025-12-29T18:39:26.720946,39.94984324441341,-75.13929725047763,51.43,43.44,4.91,E,0.39,30.16
WEATHER_003,2025-12-31T21:39:26.720948,39.903687147440195,-75.16814348976942,67.21,50.55,21.87,S,1.95,29.81
WEATHER_003,2025-12-31T15:39:26.720951,39.99415742130883,-75.14707704986972,54.45,57.22,18.81,NE,0.09,29.69
WEATHER_002,2025-12-31T21:39:26.720954,39.99443321559861,-75.18877858038147,83.8,40.78,19.63,W,0.71,29.61
WEATHER_003,2026-01-02T23:39:26.720956,39.92083280502111,-75.19734178297159,89.18,80.8,26.03,NE,0.01,29.97
WEATHER_003,2026-01-03T02:39:26.720959,39.92837559977284,-75.14248013498951,86.61,39.61,11.05,E,0.98,30.1
WEATHER_004,2026-01-04T06:39:26.720962,39.922923552936446,-75.14718131565155,88.46,66.17,7.62,W,0.94,30.26
WEATHER_002,2026-01-04T07:39:26.720965,39.9525156611402,-75.18374005251843,81.48,87.72,16.38,S,0.88,30.39
WEATHER_000,2025-12-30T08:39:26.720967,39.93195991009633,-75.17268559711408,91.94,60.31,7.73,SW,1.27,30.37
WEATHER_000,2025-12-30T16:39:26.720970,39.974257572209886,-75.12335199876244,73.65,62.73,25.45,SW,0.75,30.26
WEATHER_001,2026-01-01T15:39:26.720973,39.91126600993515,-75.19405301707269,75.93,58.47,6.88,NE,0.63,30.12
WEATHER_002,2026-01-04T21:39:26.720976,39.95799605669351,-75.12058958286993,62.56,59.55,0.95,SE,0.62,29.87
WEATHER_000,2026-01-02T01:39:26.720978,39.96375646699284,-75.14437545462997,83.24,52.98,19.22,S,0.34,29.5
WEATHER_003,2026-01-02T01:39:26.720981,39.92706882676628,-75.18500363998744,86.14,39.58,10.09,SW,1.77,30.09
WEATHER_002,2026-01-02T10:39:26.720984,39.99494634041706,-75.20865747232604,78.76,41.95,23.62,NE,1.49,30.41
WEATHER_001,2026-01-04T06:39:26.720987,39.919757672709075,-75.1922391068244,64.75,38.71,13.98,E,1.65,29.97
WEATHER_000,2025-12-31T00:39:26.720990,39.91073420108272,-75.16701423741567,82.7,60.41,10.89,SE,1.88,30.3
WEATHER_001,2026-01-04T00:39:26.720993,39.996879423495926,-75.13513352177024,79.57,75.14,8.46,SE,0.52,29.75
WEATHER_001,2025-12-31T21:39:26.720996,39.999814411392585,-75.14300914877991,90.45,71.97,20.95,SW,1.91,30.09
WEATHER_000,2026-01-05T15:39:26.720999,39.901656772812714,-75.12222945459364,80.04,67.32,27.05,E,1.31,29.87
WEATHER_003,2025-12-31T03:39:26.721001,39.91997084205684,-75.18827283521533,80.35,69.06,6.04,S,0.08,29.68
WEATHER_003,2026-01-02T12:39:26.721005,39.9655636426878,-75.16394475567621,77.84,45.34,24.86,S,0.09,29.88
WEATHER_000,2026-01-05T02:39:26.721008,39.91623307027174,-75.11572839762259,62.47,69.54,17.49,SW,0.63,30.32
WEATHER_002,2026-01-05T14:39:26.721010,39.95728421091388,-75.11968942690999,84.12,71.9,15.49,N,1.46,30.41
WEATHER_001,2026-01-03T02:39:26.721013,39.93824394092144,-75.18319426116844,62.25,41.95,13.82,E,0.39,29.84
WEATHER_004,2026-01-03T14:39:26.721016,39.910993422438935,-75.13690340272409,54.72,63.82,18.29,NW,0.87,30.43
WEATHER_000,2025-12-31T11:39:26.721019,39.97097960092898,-75.11685807794355,72.93,31.13,6.75,SW,1.5,30.47
WEATHER_001,2026-01-05T04:39:26.721022,39.96366251225341,-75.1439725259828,51.39,70.37,21.21,N,1.44,29.76
WEATHER_003,2026-01-03T04:39:26.721024,39.99873143564024,-75.13152101741191,72.42,56.01,1.96,N,0.6,29.55
WEATHER_001,2025-12-30T03:39:26.721027,39.90661469303949,-75.16217316561247,67.69,84.61,22.42,E,0.72,29.84
WEATHER_000,2026-01-01T23:39:26.721030,39.90363897380491,-75.13645723403252,65.05,56.27,16.77,SE,1.7,30.17
WEATHER_001,2026-01-03T21:39:26.721032,39.90207695910936,-75.1816279393655,51.81,64.54,12.02,E,1.05,29.94
WEATHER_004,2025-12-31T07:39:26.721035,39.99274278365738,-75.19488202300532,64.4,31.81,24.53,NE,1.59,29.92
WEATHER_000,2025-12-31T15:39:26.721038,39.99362901594488,-75.14062870269261,81.47,76.15,15.54,E,0.19,30.13
WEATHER_003,2026-01-05T17:39:26.721041,39.94812278822999,-75.20125113708498,80.89,34.92,16.81,E,0.51,30.43
WEATHER_000,2026-01-02T11:39:26.721043,39.90409665964798,-75.17983230047281,74.51,44.54,27.98,SE,0.62,29.65
WEATHER_002,2025-12-30T17:39:26.721046,39.965700482759935,-75.13803998360387,50.8,42.45,18.94,NE,0.73,29.75
WEATHER_002,2025-12-30T16:39:26.721049,39.94571988432879,-75.17647086707595,81.01,50.22,28.3,N,1.32,30.05
WEATHER_004,2026-01-04T13:39:26.721052,39.98743476076933,-75.12713520739516,62.4,69.9,26.28,NW,0.81,29.7
WEATHER_002,2026-01-05T16:39:26.721054,39.97942611931019,-75.1806179753402,57.08,63.14,1.86,S,1.94,30.35
WEATHER_003,2025-12-31T14:39:26.721057,39.91808644870395,-75.16978332030037,87.06,76.76,0.84,NW,0.36,29.58
WEATHER_004,2025-12-31T05:39:26.721060,39.99489146882888,-75.15551532637832,61.49,51.98,24.47,E,1.21,30.1
WEATHER_001,2026-01-05T09:39:26.721063,39.98211598091472,-75.12778174364486,85.44,67.7,21.96,E,1.74,30.06
WEATHER_002,2026-01-02T21:39:26.721065,39.93414267801045,-75.11793485241844,58.78,80.37,10.42,NE,1.02,30.22
WEATHER_000,2026-01-02T07:39:26.721068,39.9992711609038,-75.20133112326609,94.19,38.3,28.15,NE,1.6,29.63
WEATHER_001,2025-12-30T06:39:26.721071,39.954942904510446,-75.20292032349477,71.56,48.26,24.45,SW,0.45,29.94
WEATHER_000,2026-01-05T08:39:26.721074,39.92594205676968,-75.15738919756897,78.93,50.75,8.68,NE,0.12,29.76
WEATHER_001,2026-01-04T05:39:26.721077,39.908799915597456,-75.15609540888205,69.62,67.85,6.32,NE,1.91,30.05
WEATHER_003,2026-01-02T07:39:26.721080,39.91552830441124,-75.12265070086524,63.04,73.44,12.6,SE,1.61,29.69
WEATHER_003,2026-01-03T19:39:26.721082,39.919758567953664,-75.11116718202415,62.71,51.34,6.44,SE,1.86,30.45
WEATHER_003,2026-01-02T11:39:26.721085,39.90489039462439,-75.11453667447788,77.37,84.72,4.83,NW,1.78,29.9
WEATHER_000,2026-01-04T00:39:26.721088,39.94596081072117,-75.13282852892245,84.03,79.66,10.26,NW,0.99,30.11
WEATHER_000,2026-01-03T23:39:26.721090,39.93654553457416,-75.16215574412907,54.46,38.88,1.81,S,1.53,29.6
WEATHER_000,2026-01-05T05:39:26.721093,39.99820042259304,-75.16181030773697,65.99,33.74,18.56,E,0.26,30.42
WEATHER_000,2025-12-30T11:39:26.721096,39.92360971104304,-75.18897627981282,73.59,30.38,9.1,NE,0.94,30.1
WEATHER_001,2025-12-31T16:39:26.721099,39.9692440742592,-75.13382807194165,76.59,86.95,24.3,N,1.64,30.3
WEATHER_000,2026-01-02T03:39:26.721102,39.92786623966957,-75.15367544282047,85.8,48.44,23.24,SE,0.54,30.16
WEATHER_001,2025-12-30T23:39:26.721105,39.92883879796574,-75.2003376023096,65.8,52.17,3.34,S,0.72,29.88
WEATHER_000,2025-12-31T01:39:26.721107,39.957071295153455,-75.15705394889642,73.42,57.0,16.13,NE,0.04,29.69
WEATHER_003,2025-12-31T11:39:26.721110,39.99780351296638,-75.19910662585767,86.85,63.51,10.01,S,1.59,30.43
WEATHER_003,2026-01-02T14:39:26.721113,39.90059525951121,-75.1501057953216,94.04,33.98,21.25,S,1.34,29.51
WEATHER_003,2025-12-31T21:39:26.721116,39.95562231123009,-75.14669237216243,92.27,36.08,0.54,S,0.04,30.14
